Year,MasterGameID,GameName,EligiblePercentStandardGame,EligiblePercentCounterPick,DateAdjustedHypeFactor,AverageDraftPosition,TotalBidAmount,BidPercentile,CriticScore
2019,009e75bf-a578-4f82-887a-79eea96d9e97,Hollow Knight: Silksong,0.2163,0.0065,17.56250013,19.8049,2022,99.5,70
2019,0218aba0-71b9-4f59-a4ba-2be14906c4b3,Sable,0.1789,0.0228,13.609978510000001,24.9241,163,92.7,70
2019,02fef5a2-849c-4a98-a765-d3b1c4e85dad,Freedom Finger,0.0033,0.0033,0.26895,19.5,10,77,77.0000
2019,0485732a-cd5a-49ab-bf60-1f7e89012d54,Dying Light 2,0.2228,0.052,17.159476719999997,23.9826,346,95.5,70
2019,04de4731-436e-4aea-9cd5-2f9b9dd1bb8b,N1RV Ann-A: Cyberpunk Bartender Action,0.013,0,1.1006671,16.3333,31,84,70
2019,07a2937d-d32a-42d2-98f7-57316749166c,Hyper Jam,0.0081,0.002,0.5427,34,0,70.3,73.6667
2019,0812c4e2-659d-4462-9b7e-b9f062584b94,Rage 2,0.7085,0.1325,58.20462115,18.8481,450,96.6,70.4063
2019,0874a4a2-b689-4cf1-a538-c969778548c4,Katana Zero,0.1176,0.0053,7.70933856,35.4444,397,96,84.3750
2019,0923561a-43db-4f9b-b53c-02ab09cc9b0a,Boneworks,0.0146,0.0016,1.1096,25,110,91,70
2019,0b38340c-884c-4980-9d75-87c806e60f83,Chicory: A Colorful Tale,0.0065,0,0.2405,64,77,88.9,70
2019,0bbb6f19-91ed-4f77-b34c-35437a2b6d1a,Panzer Dragoon: Remake,0.026,0.0016,0.858,68,173,92.9,70
2019,0c257c45-1138-4be5-8fca-b867078e6229,The Dark Pictures: Man of Medan,0.1333,0.013,9.632580760000002,29.2222,554,97.6,70.6860
2019,0c60b7c8-95c9-488d-bade-43109014720f,Wolfenstein: Youngblood,0.6667,0.0569,53.76280140000001,20.8766,1341,99.1,66.2979
2019,0c912ca4-104e-4a1e-865a-e7aaf20587e8,The Artful Escape,0.0146,0.0033,0.99572,32.8,7,75.6,70
2019,0d2af8f8-809b-4869-ab2c-8f052cc3f09e,Bee Simulator,0.0179,0.0016,1.6587339300000001,8.3333,131,92.1,58.4091
2019,0dbe1dbf-59ba-44bd-b255-acfecb5345ca,Killer Queen Black,0.1398,0.0049,9.79706112,31.4186,604,98,81.9412
2019,0e011c8f-06c7-4f20-a32c-9c578b5e0dcd,Mortal Kombat 11,0.9234,0.0624,83.53713546,10.5331,151,92.4,82.4510
2019,0e3c52d7-78b2-489a-abf5-b2a6acce2c77,Solar Ash Kingdom,0.0065,0,0.637,3,17,80.3,70
2019,0ee87933-446b-44a2-80ce-8208a898301c,Sunless Skies,0.0022,0,0.154,31,0,70.3,85.4444
2019,10ba8f99-0447-4f8b-99aa-5e2fa048b124,Football Manager 2020,0.149,0.0086,5.6374394400000005,34.3636,148,92.4,85.5238
2019,10bfd048-a156-4b89-84d9-c18c68d3d4c6,Vlambeer Arcade with ULTRABUGS,0.0049,0,0.41159999999999997,17,8,75.7,70
2019,1170866e-5aab-4db0-bfb5-09de1a4d544d,Mount & Blade II: Bannerlord,0.0455,0.013,3.4517938000000004,25.1364,79,89.2,70
2019,1176a4da-a749-4fac-bf7a-bc33e3e9e320,F1 2019,0.0344,0.0029,1.59386552,54.6667,187,93.2,85.5556
2019,12075570-8059-4b84-b520-9580f926fba6,Indivisible,0.1626,0.0163,11.821480910000002,28.7857,476,96.9,78.4576
2019,13426d7c-c046-4ef6-83e0-7564585f14a6,Police Stories,0.0098,0,0.4704,53,11,77.9,73.7500
2019,136dfc6a-c954-49d0-b079-b0899a2608b5,Atomic Heart,0.0699,0.0098,5.36542614,24.2414,201,93.5,70
2019,13f5e88e-a395-4585-86b2-b30d8fc41483,Dimension Drifter,0.0033,0.0016,0.23925,28.5,0,70.3,70
2019,1432d78b-e1b0-4fff-ab72-57e14219de58,Doraemon: Story of Seasons,0.0065,0,0.5395,18,60,88.3,74.7727
2019,14e1e5c8-f855-437b-b4f3-faec635c1f4d,One Finger Death Punch 2 (Switch),0.0196,0,1.5288,23,25,83,70
2019,1510ddae-f53f-4718-8938-06e244793c09,Griftlands,0.0098,0.0016,0.6076,39,10,77,70
2019,163f61f3-ebbb-4bc6-80f4-c096c02a19b3,Stormland,0.0309,0.0016,2.0960489700000005,33.1667,81,89.5,79.8750
2019,17188140-92d5-4d73-b046-ed378eda94b7,Sparklite,0.0065,0,0.4355,34,6,75,72.4667
2019,178a9c28-eb0a-48da-8e17-0baf91d88197,Vampire: The Masquerade – Bloodlines 2,0.0033,0.0016,0.21615,35.5,0,70.3,70
2019,17a5f82e-2fcd-42da-8e6b-95758710dc58,Sakuna: Of Rice and Ruin,0.0569,0,3.115275,46.25,647,98.3,70
2019,18bfc37e-d756-4356-8bb6-0e61e1354954,The Touryst,0.0228,0,1.7442,24.5,142,92.2,80.6250
2019,18f3d34e-7444-437d-a4d1-c235cf3c6de2,Jenny LeClue,0.0325,0.0033,2.19104275,33.5833,72,88.6,70
2019,1909c970-8993-49c6-85a5-6bf5a1fb7450,Days Gone,0.7353,0.2487,62.94484178999999,15.3957,370,95.7,71.4894
2019,19b295d0-27b6-4753-80b9-201b19cf9b58,Greedfall,0.0439,0.0016,3.8012,15,588,97.9,74.3099
2019,1a47f5d2-91dc-4332-92a2-37da3c748ec0,Temtem,0.0146,0,0.9636,35,107,90.9,70
2019,1ac11b5a-9cb2-4106-8035-d1a4de0745fa,Living Dark,0.0016,0,0.1504,7,0,70.3,70
2019,1b4c93c4-acaf-4eb4-b422-238341e7fe8d,Out of the Park Baseball 20,0.0143,0,0.8079500000000001,44.5,5,74.3,70
2019,1b70b9a1-737b-4845-a25d-4ef4a8449e21,Blood & Truth,0.0273,0.0091,1.1466,59,35,84.9,80.5741
2019,1ba378f6-c771-40d4-95cb-0c47b27cc1b4,Blair Witch,0.1138,0.0146,8.96426412,22.7778,975,98.7,68.7031
2019,1bbe7785-3cf4-4363-8744-06bb7c9db208,MediEvil,0.2661,0.0529,19.296837000000004,28.97,1040,98.8,68.4038
2019,1bc02877-a443-44e8-bb37-d14624737669,Digimon Survive,0.052,0.0179,3.4861683999999995,33.9583,63,88.3,70
2019,1c8c049d-9e14-472f-80fe-90f9d8459ec6,Druidstone: The Secret of the Menhir Forest,0.0035,0,0.3535,,40,85.8,80.0000
2019,1c98e3aa-f1b2-44c2-959e-de326e9877bc,Medal of Honor: Above and Beyond,0.0016,0,0.16160000000000002,,18,70.3,70
2019,1cd79a56-65b3-4e12-9c62-1828fd4f5f39,Ace Combat 7: Skies Unknown,0.3043,0.0217,26.49944819,13.9167,25,83,80.7531
2019,1d2049bf-4f4e-48e3-a690-ff0dcfad308d,Beyond a Steel Sky,0.0065,0.0016,0.55683355,15.3333,0,70.3,70
2019,1d54cdd6-1d72-472b-9bcb-f2c946c78b1d,Kuukiyomi: Consider It,0.0016,0,0.16160000000000002,,0,70.3,70
2019,1d73f0e1-5d4b-425f-82f1-9c6ad39cb84d,Lost Ember,0.0228,0.0065,1.2519274800000002,46.0909,18,80.8,74.1053
2019,1d82614c-be3d-49f2-b09f-f45c3d077601,Omno,0.0195,0.0016,1.3812493500000003,30.1667,0,70.3,70
2019,1e1421a3-fece-4bf0-86f3-36a2e4d3cf86,The Witcher 3: Wild Hunt (Switch),0.1569,0.0196,10.90455,31.5,231,94.1,84.6429
2019,1e66ae76-12ab-462e-982e-2fc2e964ea29,The Legend of Zelda: Link's Awakening,0.7748,0.0061,70.80913980000001,10.3585,13050,99.9,86.7303
2019,1e9b5ae8-6f20-4725-b850-d4d0915098ea,Good Company,0.0033,0,0.3069,8,2,72.6,70
2019,1ee05e1c-9518-4b38-9d30-e852130c4f9c,Skull & Bones,0.1919,0.0683,13.90989069,28.5149,290,94.9,70
2019,1f0c5474-2f3d-4e76-9c22-02853dedb3dd,Sky (thatgamecompany),0.0163,0,1.2062,27,39,85.6,70
2019,1f5ef0c8-5cf2-400e-b313-433c69e03ac6,Inmost,0.0374,0,2.39858542,36.8667,34,84.6,70
2019,20c2d8d5-4b77-43da-97eb-a81ae432f5dc,13 Sentinels: Aegis Rim,0.0081,0.0033,0.6885,16,1,71.9,70
2019,20d358b0-c3bc-49ba-aba2-a2b05249ab78,Dragon Ball Z Kakarot,0.0715,0.0065,5.1969202999999995,28.3158,234,94.2,70
2019,218b29e3-f031-40c6-8951-5e0ab1a66750,Creaks,0.0033,0,0.2211,34,0,70.3,70
2019,21b752f6-d55a-40fc-a329-297c77782682,Biomutant,0.265,0.0618,19.9177445,25.8387,368,95.7,70
2019,221db024-6408-45ce-933f-21902aa4d1b6,Return of the Obra Dinn (Console),0.0196,0,1.9796,,36,85.1,70
2019,224b962e-4046-4ef1-90c7-b3afb44d2e3f,Telling Lies,0.0309,0.0016,1.75715,44.5,376,95.8,79.1786
2019,22be2780-9bdc-4953-8321-d7a9779b74d6,Pikmin 4 (Unannounced),0.0472,0.0244,3.5235838399999997,26.3478,36,85.1,70
2019,22ed7bbb-323b-48c9-86da-90b70c53cc41,Away Journey to the Unexpected,0.0023,0,0.1265,46,0,70.3,59.0000
2019,256036de-c1cb-44c9-8471-fbf6f1709b50,Pokémon Sword and Shield,0.9187,0.0715,83.03247348,10.6196,543,97.4,79.9868
2019,26b4b0ee-5d81-4c76-b547-496220ba359b,Ghost Recon Breakpoint,0.252,0.0163,20.94679124,18.4348,2479,99.6,57.3448
2019,26b6b41a-5eaa-48b3-a37a-c4a355492044,Dead By Daylight (Switch),0.22,0.1,12.705,43.25,4,73.4,66.0556
2019,26c5f178-7489-4769-aa25-a5be93f080ce,WRATH: Aeon of Ruin,0.0049,0,0.1519,70,23,82.5,70
2019,26e310ac-9fb7-4f99-86b1-510ee773a9a2,Halo: Master Chief Collection (PC),0.1373,0,9.473700000000001,32,78,89.1,70
2019,27691c00-8691-4804-98c8-e101422cec79,Age of Wonders: Planetfall,0.1073,0.0049,6.9576948000000005,36.5769,541,97.3,80.9565
2019,285647a4-0ae0-4753-bee4-5bcdc74a1fe1,Skellboy,0.0049,0,0.3822,23,85,89.6,70
2019,2901d697-f619-47c1-a7b1-086ee8378dd8,Neverwinter nights: Enhanced Edition (Console),0.0392,0,3.9592,,18,80.8,70
2019,2925234d-8595-4e1b-b396-1079555ad598,Conan Unconquered,0.0069,0,0.414,41,7,75.6,69.5556
2019,29e1e64e-a9c5-4dd2-ae87-250bbff08cfe,Cuphead: The Delicious Last Course,0.3707,0.013,29.24689548,22.1036,413,96.1,70
2019,2b38f08d-be73-4b0f-a0a6-48f06fc799ee,BoxBoy & BoxGirl,0.0693,0.0071,4.97660625,29.1875,114,91.2,79.8929
2019,2dd45c58-1e61-40f6-b42a-7382fe191674,Yo-kai Watch 4,0.013,0,0.9273329,29.6667,17,80.3,70
2019,2ddbc26c-058e-463a-b6dc-ea60b7c7d09d,The Last of Us Part II,0.7431,0.2374,66.59922285,11.3765,696,98.3,70
2019,2e517417-89ee-4d3b-aff8-a75009ebb2d2,Bloodroots,0.013,0.0033,0.7973329,39.6667,125,91.7,70
2019,2ef7930d-a70a-4fac-b4cc-5c0e30ba207a,The Surge 2,0.1122,0.0163,7.874775,31.25,647,98.3,76.5250
2019,3108f832-9955-4d66-a888-5cccfad0b089,Shin Megami Tensei V,0.0683,0.0228,5.10162752,26.3056,7,75.6,70
2019,314c358f-fc10-45a9-b26b-3aae4681331e,Draugen,0.0035,0,0.3535,,20,81.3,70.8571
2019,314d0d6e-79b5-43b2-b17c-9a758209942d,Session,0.013,0.0049,0.8038329,39.1667,17,80.3,70
2019,322bf891-2d3c-462d-9447-2c16b00600aa,Shantae and the Seven Sirens,0.0293,0.0016,2.23266,24.8,192,93.3,70
2019,33662029-3b82-40df-bf78-7f59b3eef61c,Borderlands 3,0.587,0.0146,53.47905000000001,10.74,8768,99.8,79.8817
2019,3487b6e1-e9e1-49b7-949b-72f947bdb121,Doom Eternal,0.8911,0.0504,78.91002385,12.4465,1310,99.1,70
2019,34939817-f43f-4843-baa0-880532da541d,Spelunky 2,0.3528,0.0195,27.82050264,22.1437,345,95.5,70
2019,36828090-5fff-4219-9bd5-16a63ba7c59b,MechWarrior 5: Mercenaries,0.098,0.018,7.306814240000001,26.1351,237,94.3,71.7917
2019,36bba330-5ff0-44c5-83b1-ac2f4c06ebe4,Nioh 2,0.2699,0.0358,20.192433549999997,26.1855,476,96.9,70
2019,36f192bd-2e01-46a7-8c18-1f1bea621ee5,Babylon's Fall,0.0911,0.0276,6.1560825,33.425,128,91.8,70
2019,37b29d48-a4d0-401b-8bb4-854e2bdcedbb,Kentucky Route Zero TV Edition,0.0049,0.0016,0.28665,42.5,0,70.3,70
2019,3818fee9-72de-4210-a99f-177470a95591,Daymare: 1998,0.0033,0,0.2112,37,30,83.7,58.4118
2019,382b8953-3c2a-4cae-ae79-eff41c652935,Sayonara Wild Hearts,0.0878,0.0179,6.182642960000001,31.0606,240,94.4,85.0000
2019,3832af91-2afa-44bd-8275-b96f97dccdf8,SolSeraph,0.0033,0,0.3333,,11,77.9,55.2581
2019,393b0c16-cd37-47e6-b81b-85c7ecbe224e,Afterparty,0.1415,0.0098,8.98106565,36.119,553,97.5,74.7692
2019,39fff1d8-f67b-46e1-8a8b-e64a78362729,Sid Meier's Civilization VI: Gathering Storm,0.0296,0.0042,2.4716,17.5,72,88.6,82.4783
2019,3a6cf8b5-a6ef-4d3e-ad4a-76fd45545a23,Yooka-Laylee and the Impossible Lair,0.039,0,2.18115,45.5,426,96.5,82.4231
2019,3b410fb2-1c6c-466b-8662-9b090b9f32f6,Paranoia: Happiness is Mandatory,0.0033,0,0.3333,,5,74.3,58.3333
2019,3bcb4866-8334-4dbc-8412-fd77e5db1d6e,Streets of Rage 4,0.0797,0.0146,5.73156971,29.0857,124,91.6,70
2019,3c17437d-bd8d-4b88-a9d3-5aea91ecb3f7,XIII (remake),0.0114,0,0.62320038,46.3333,47,86.6,70
2019,3c6a1828-7d78-4063-a00e-5fbcdcd1710d,Blasphemous,0.0504,0.0033,3.23466,37.2,380,95.9,79.0600
2019,3cc1655b-4da2-4dbb-ae80-250b0008597d,Stela,0.0033,0,0.3333,,9,76.2,71.3333
2019,3dd12056-f932-4e15-bd75-5a6d0517d425,Desperados III,0.0472,0.0081,3.38403704,29.3043,76,88.8,70
2019,3dd4d26a-71cb-4f49-8d71-2dfd8367dd73,NHL 20,0.0774,0.0029,5.153547420000001,34.4167,41,85.9,78.8750
2019,3ea0b129-cda6-4b0a-882f-7b3b925afdc8,Anthem,0.7201,0.3327,62.69601056999999,13.9343,333,95.3,60.9808
2019,3f4f9641-d20f-4b3d-8147-f963a2d24bd7,Mosaic,0.0065,0,0.4095,38,11,77.9,70
2019,40c87987-ccb0-49f1-aa6f-d25dafd30b98,The Elder Scrolls Online - Elsweyr,0.0173,0,1.73,1,158,92.6,77.7368
2019,4158f836-f257-4189-84e9-a17f7004b2f7,Dark Crystal: Age of Resistance Tactics,0.0341,0.0016,2.9667,14,187,93.2,70
2019,41f128ce-e4cc-4de5-b185-3ea23509a5b0,Age of Empires II: Definitive Edition,0.0316,0,1.6432000000000002,49,80,89.4,83.3333
2019,424f9abf-1dac-4944-9e6d-4d87ff574241,Espire 1: VR Operative,0.0016,0,0.16160000000000002,,5,74.3,70
2019,4263353b-cda7-42ad-9a6d-3bb625024e15,Tropico 6,0.1982,0.0436,14.95258458,25.5581,216,93.8,79.3333
2019,43a1bb3a-db4e-4e20-91c1-049de8d36c71,MLB The Show 19,0.2226,0.0097,16.151856,28.44,71,88.4,85.5714
2019,4506ed9d-d7e1-4d93-b0c3-c238042845eb,Samurai Shodown,0.0439,0,3.07632,31.4,460,96.8,80.0000
2019,454f9e8a-8479-4d07-9759-16ab19cd3ade,The Elder Scrolls: Blades,0.0439,0.0195,3.21689542,27.7222,52,87.1,70
2019,46441f32-d3a4-4518-b1a4-cad0628454bb,Gato Roboto,0.0035,0,0.3535,,32,84.4,74.4483
2019,46bd936b-cb5e-4265-a736-88025219aff7,Death Stranding,0.8211,0.1837,69.17883,16.892,12990,99.9,82.9348
2019,46d5ec61-d2c4-49a2-a974-29e85169548b,Power Rangers: Battle for the Grid,0.0052,0.0017,0.312,41,5,74.3,59.0952
2019,4782bcdf-9408-4c46-86b1-18d132c10c9f,Praey for the Gods,0.0065,0,0.45499999999999996,31,13,78.8,70
2019,47885fc6-6b65-4fa0-993b-278e41ded92c,Risk of Rain 2,0.0016,0,0.1424,12,1,71.9,83.6667
2019,47df2247-26a0-4011-95b8-4be508e7e819,Dragon Quest XI S: Echoes of an Elusive Age - Definitive Edition,0.3474,0.0105,27.140625,22.875,278,94.6,92.1429
2019,48ea3a3e-f434-4d24-9f79-fb45bdd491e0,Five Nights at Freddy's VR: Help Wanted,0.0035,0.0017,0.259,27,0,70.3,79.8571
2019,4901391a-5528-4dd9-ba32-25d947da8a02,Ymir,0.0163,0.0065,1.2225,26,6,75,70
2019,4a2d3f95-005e-4947-bbcd-45c2c0fc9731,ToeJam & Earl: Back in the Groove,0.063,0.0295,4.6746,26.8,86,89.7,72.1905
2019,4a9a0031-4732-470d-a845-d0847f90c5e5,Ikenfell,0.0033,0,0.2442,27,0,70.3,70
2019,4ad6a104-08ad-4700-8244-4d31812e638a,Disco Elysium,0.0455,0.0033,3.206,31,319,95.1,91.7021
2019,4b5ea5c7-a65e-4197-aa40-c21f2c7d4fd5,Riverbond,0.0016,0,0.16160000000000002,,15,79.7,66.3333
2019,4bedbb24-f820-4662-81ce-061ce0d326d4,Pro Evolution Soccer 2020,0.0401,0.0029,2.33248467,42.8333,104,90.7,81.2708
2019,4f38ccf6-3e19-4b14-99c4-9b7abadf6003,Divinity: Fallen Heroes,0.0276,0,1.79952,35.8,426,96.5,70
2019,4fa4860c-d1b8-41ab-bbb3-18b3a5ff961b,Team Sonic Racing,0.1678,0.0548,12.97573908,23.6714,254,94.5,74.0122
2019,50750e8a-60cd-4f52-8122-a97d756e06ac,Warcraft III: Reforged,0.8762,0.0792,70.45121148,20.5946,451,96.7,70
2019,50c310f5-3fc0-445d-95a9-5cae1013e7df,Darksiders Genesis,0.0439,0,4.4339,,356,95.6,79.4386
2019,50f3e5f8-5453-4656-b6d2-224820b33d0c,Monster Crown,0.0033,0,0.3333,,32,84.4,70
2019,51866f6e-528a-4b54-9416-1f98e6679114,Vane,0.1,0,8.35,17.5,0,70.3,50.4468
2019,51a6ffd4-81de-46a2-b582-9fa4c49a166b,Super Mario Maker 2,0.7463,0.0163,69.7872312,8.099,13996,100,87.9221
2019,51adf4c0-46ca-4ec8-9576-e8290e1fde60,Dragon Marked for Death: Advanced Attackers,0.0152,0.0025,1.0032,35,0,70.3,70.5882
2019,5207ed8c-0c8f-496a-8b87-606ba7a3abd9,Neo Cab,0.0114,0.0016,0.851,27,35,84.9,75.1786
2019,525e7a16-5754-44c3-a41a-c36e0781c5d3,Code Vein,0.3041,0.0813,23.25395785,25.0315,727,98.5,74.5000
2019,52aad77d-105e-4c39-8026-4e34d582453b,At the Gates,0.0083,0.0041,0.56025,33.5,0,70.3,66.4286
2019,52d37dfc-bd31-4466-a50c-51da18cce873,Iron Marines,0.0033,0,0.3333,,13,78.8,70
2019,53b2a952-5074-42dc-859c-add858fe8214,Sigil,0.0033,0,0.3333,,14,79,70
2019,53c4f927-e5ba-4c91-9f24-0ade05eb709a,Trüberbrook,0.0039,0,0.3939,,3,73.1,65.2727
2019,53f8a29f-eea2-438f-b418-3ad7638cf9f1,Decay of Logos,0.0049,0,0.4949,,36,85.1,37.5714
2019,55e686ff-6551-4154-80bd-f01e0b345f16,Empire of Sin,0.0016,0,0.12000000000000001,26,0,70.3,70
2019,55f299dd-46a4-4987-afa8-9398b075b3f0,Phoenix Wright: Ace Attorney Trilogy,0.1158,0.0105,8.607796140000001,26.6667,6,75,82.2679
2019,56456cc9-d23e-4c6e-a28c-853ac6e234dc,The Settlers,0.039,0.0033,2.6078013,34.1333,77,88.9,70
2019,56d0766c-8c84-4731-95ca-30ffe8b6312f,Harvest Moon: Mad Dash,0.0016,0,0.14400000000000002,11,0,70.3,70
2019,56e9f0f7-449a-42d2-b522-ec67dff376ab,Anno 1800,0.1896,0.0304,14.366788320000001,25.2258,222,93.8,81.2895
2019,574dcc66-4f0a-47ea-82d4-061eadb6aa31,Audica,0.0033,0,0.3333,,7,75.6,75.0000
2019,5774d3d2-9639-4c20-aa70-4445af33939e,Final Fantasy 7 Remake,0.1455,0.0612,11.077729799999998,24.8644,612,98.2,70
2019,577cb8d0-a6dc-4675-b187-9a9fa036e5c9,SteamWorld Quest: Hand of Gilgamech,0.1652,0.0107,11.96198332,28.5909,424,96.3,81.5385
2019,57d0d2b0-8d49-4c70-8809-5fe088910915,Cyberpunk 2077,0.4374,0.2228,36.26181594,18.0969,711,98.4,70
2019,5b3fdd87-4736-47e5-8cb3-f587541fa2d7,Assassin's Creed III Remastered,0.0225,0,1.305,43,0,70.3,68.9231
2019,5cb99e91-9c7f-458c-87fa-325a2240cbc5,YU-NO: A girl who chants love at the bound of this world,0.0049,0.0016,0.27540000000000003,47,46,86.5,68.7500
2019,5cef29bb-4fbb-4f21-8273-eaea90a4ecfe,Age of Empires 4,0.0472,0.0098,3.26554144,31.8148,16,79.9,70
2019,5d372490-cc68-4cdb-b276-7387108e2091,Contra Rogue Corps,0.0244,0.0033,1.4128341500000001,43.3333,152,92.5,51.6667
2019,5d788054-2076-4fc4-a431-75e31f616ddd,Total War: Three Kingdoms,0.4523,0.0512,35.86435959,21.7067,417,96.2,84.4118
2019,610d2269-cb13-41e1-8f89-48844750b1f9,Moons of Madness,0.0195,0,1.568,21,57,87.8,70.9524
2019,6219772a-5aeb-482d-8480-81656a912ffc,Knights and Bikes,0.0195,0.0016,1.0191999999999999,49,87,89.8,79.4074
2019,621e85b6-c055-47e3-ba87-27c49fe8259f,Phoenix Point,0.1642,0.0098,11.84249808,28.8776,483,97,74.9600
2019,630580a9-82ca-4b8a-b03b-91396f2645ce,Gears Tactics,0.0195,0.0049,1.1675625,41.125,12,78.1,70
2019,6310f42b-a637-431e-ad6c-56fa995ddd2a,Red Dead Redemption 2 (PC),0.0392,0,2.3127999999999997,42,30,83.7,70
2019,63d6c313-6cb3-4c56-b868-fc79f48e4f30,Conan Chop Chop,0.0146,0,1.2118,18,56,87.6,70
2019,640ae79e-ef61-4207-834d-39e4f5305a58,Plants vs Zombies: Battle for Neighborville,0.0049,0,0.4949,,15,79.7,75.0000
2019,641295f1-0b64-4b3d-8e88-5c90cb739b94,Double Kick Heroes (Switch),0.0016,0,0.062400000000000004,62,0,70.3,70
2019,64673c27-a33e-4e42-b377-67413efbf976,Ice Age: Scrat's Nutty Adventure,0.0016,0,0.16160000000000002,,10,77,52.5455
2019,64b7d48d-37da-44e1-8450-6aaa001aca16,Mineko's Night Market,0.0504,0.0033,3.5740152,30.087,88,89.9,70
2019,64bd4ec2-2dc6-4057-97b8-cfe8ddd58767,Paper Beast,0.0049,0,0.3136,37,38,85.5,70
2019,64c0161a-7e95-47d0-83a1-f1ef0398178b,Ancestors: The Humankind Odyssey,0.0602,0.0065,4.3063875000000005,29.9375,249,94.4,66.2540
2019,64ef0523-8d2c-46d6-a742-f4e17e4c7af7,Granblue Fantasy Versus,0.0081,0,0.7128,13,77,88.9,70
2019,659ec728-48a3-4e04-a922-9d078781e2cc,Tunic,0.1008,0.0146,7.23614976,29.2128,58,88,70
2019,660c4069-6d26-4317-975e-48cfb60268ed,Eastward,0.0065,0,0.54925,16.5,22,82.1,70
2019,6655a854-1910-460c-91bc-273dc5d7c36a,Blaster Master Zero 2,0.0018,0,0.09,51,0,70.3,83.8750
2019,66684b36-25e4-4ece-8b56-b090057bf1b3,Valfaris,0.0033,0,0.2013,40,0,70.3,80.8276
2019,671017f7-4079-4d98-81f6-1c803d62b8dc,Blacksad: Under the Skin,0.0293,0,2.0412343099999997,31.3333,168,92.8,61.5455
2019,67f5eedc-1df1-4491-a7ee-33e08ae40452,EITR,0.0081,0,0.41309999999999997,50,22,82.1,70
2019,68481ef6-4e92-4289-9923-6ec555c72a28,Shenmue III,0.5577,0.2488,44.98709358,20.3346,862,98.7,69.1077
2019,68522e41-ce4d-4010-9f0f-01aaba29a715,Resident Evil 0 (Switch),0.0392,0,2.1168,47,0,70.3,70
2019,68f0ce9e-828c-49b2-b713-99a510ab633d,Crash Team Racing Nitro-Fueled,0.6126,0.0771,51.5794816,17.484,611,98.1,83.4937
2019,69592626-5a0b-4018-800d-1e0fa6b744a9,Outward,0.046,0.0037,3.404,27,211,93.6,64.1333
2019,69be65a6-8fc8-475d-91b6-e072095fe397,Final Fantasy 7 (Switch),0.1667,0.0208,13.03594,22.8,21,81.8,81.2778
2019,6c755a06-d047-4949-bdaa-ff08811ec854,Soundfall,0.0016,0,0.11520000000000001,29,0,70.3,70
2019,6dcb0f0c-5968-4170-9946-2f0486179e8d,Yu-Gi-Oh! Legacy of the Duelist: Link Evolution,0.0105,0,1.0605,,13,78.8,70
2019,6e8fabca-6844-4bc0-9779-0f3465dd1df8,Super Monkey Ball: Banana Blitz HD Remix,0.0099,0.005,0.64,37,10,77,63.3243
2019,6f09518d-4f98-4149-9759-04dc6ca400a5,Windjammers 2,0.0114,0,0.9063,21.5,21,81.8,70
2019,70015711-23f4-4908-a9e8-82eb0b260850,Overland,0.013,0,1.3231000000000002,,250,94.5,71.7000
2019,7185ab79-989a-4a6d-b753-1deefbcc1eea,Dr. Mario World,0.0049,0,0.4949,,13,78.8,70
2019,71e760ef-cb18-40a9-a5dd-58b1f5abbbb0,The Legend of Heroes: Trails of Cold Steel,0.02,0,1.48,27,0,70.3,79.4375
2019,733c3fd8-8e8d-4702-acbb-2dc9864ccaab,Heaven's Vault,0.0035,0,0.3535,,31,84,74.9130
2019,744239d3-137d-4d37-8cc4-517db6c7e109,Daemon x Machina,0.1837,0.0504,13.45288024,28.2424,726,98.5,70.3390
2019,7442ad0b-964b-4b98-a630-54975f5461e8,Mordhau,0.0017,0,0.1717,,20,81.3,82.6250
2019,7484f4d8-16e0-44fc-9d3f-e5ce89cf7b86,Super Meat Boy Forever,0.5707,0.0618,45.30541899,21.6143,571,97.7,70
2019,769410f0-e7c7-4fe6-9a9b-538525299a4b,Trials Rising,0.3901,0.0337,30.75805866,22.1534,444,96.6,79.6818
2019,76f9f2f7-a9d1-4dbb-baaf-29f0a0909c56,Slay the Spire,0.24,0,18.079992,25.6667,0,70.3,88.7667
2019,77030508-c80c-4adb-a869-95cc1fbe3f76,Atelier Ryza: Ever Darkness & the Secret Hideout,0.013,0.0016,0.4847,64,283,94.8,80.5714
2019,779e2794-6331-4bf6-af5c-a65b27610aea,Noita,0.0049,0,0.294,41,22,82.1,70
2019,78ad3e65-471e-490d-87b1-dfd9ca428076,Dreams,0.5252,0.1187,42.44886984,20.1758,227,94.1,70
2019,78d4c0ba-b95a-414a-9339-2cc28823d63e,Later Alligator,0.0049,0,0.3675,26,0,70.3,70
2019,7932c00e-99eb-471e-bdbe-cf9dd4ac1af1,Cyber Shadow,0.0195,0.0016,1.25775,36.5,32,84.4,70
2019,7bd89439-367b-41e4-9c2f-de7fa6e53c3d,Tunche,0.0016,0.0016,0.1312,19,0,70.3,70
2019,7c952cb3-6404-41fa-8cbf-dcfc7101eb83,Dangerous Driving,0.0108,0,1.026,6,33,84.5,64.3696
2019,7d9eb431-476f-496e-abc9-3a027778e6a4,Wasteland 3,0.1073,0.0114,7.8434154000000005,27.902,78,89.1,70
2019,7edca1a9-d751-4236-9306-2622b76350b7,Proxi,0.0016,0,0.10880000000000001,33,0,70.3,70
2019,7eeb26ba-2056-43d7-90f8-17a81cf52e7f,Destiny 2: Shadowkeep,0.1121,0.0017,8.415,26,1192,98.9,75.4783
2019,7f84b1a2-39e7-498f-bdb1-02a6d161e21d,Bleeding Edge,0.0049,0,0.4949,,59,88.2,70
2019,8006cd59-9b34-4d4d-8386-f245da0cbeb7,Generation Zero,0.024,0.0037,1.74,28.5,54,87.2,49.2927
2019,80a1e0d5-be57-4f41-85ee-0c07a38901cb,Way to the Woods,0.013,0.0016,0.9203999999999999,30.2,32,84.4,70
2019,813bedf2-3847-4043-b343-7edd09713391,John Wick Hex,0.0146,0,0.9260999999999999,38,127,91.8,74.4103
2019,84099e17-ff79-4446-9760-bec6a1be42e4,Hytale,0.0228,0.0098,1.59093384,31.2222,42,86,70
2019,841ab133-7fdb-4e47-a40c-d6b4dddbe151,Raging Loop,0.0016,0,0.1717,,0,70.3,77.3750
2019,841f6626-b5e9-48d0-8d2a-f72a686f4e30,Baldur's Gate 3,0.078,0.0033,6.499997400000001,17.6667,1094,98.8,70
2019,84fbea19-d50d-4cd8-be83-1aa321f7619d,Nintendo Labo VR Kit,0.0018,0.0018,0.1476,19,0,70.3,78.2143
2019,86ef11e3-f0e5-4518-ae13-acce0a8c1427,Minoria,0.0016,0,0.16160000000000002,,1,71.9,70.7143
2019,88e541f9-f6d1-4c2d-b7a2-d251b5bc2e3a,Lost Soul Aside,0.0033,0.0016,0.1881,44,0,70.3,70
2019,8a18fea0-6a20-4706-949d-2ba27a105141,Starfield,0.0163,0.0049,1.26441382,23.4286,38,85.5,70
2019,8a883760-f0a0-4746-9889-68184143d756,Our World Is Ended.,0.0054,0.0018,0.41040000000000004,25,1,71.9,48.0909
2019,8abe7646-9204-4b03-bb1e-2f1da2c00ee5,Mechstermination Force,0.0035,0,0.3535,,0,70.3,76.0952
2019,8b7ac8ed-d5ad-4de9-8725-879493fcfb0a,Catherine: Full Body,0.3194,0.0524,24.131819840000002,25.4464,99,90.4,80.5532
2019,8b93b804-9e99-4a76-aca9-7f102d6d80b1,Pine,0.0098,0,0.4263,57.5,32,84.4,70
2019,8bf6284f-81b2-4ebe-a9a9-0e788387ba5a,What the Golf?,0.0033,0,0.3333,,11,77.9,82.3636
2019,8d8171e1-5701-4dcf-afa4-c5258bf4ecb2,Persona Q2: New Cinema Labyrinth,0.1629,0.0017,12.562245269999998,23.8837,535,97.2,80.9091
2019,8ec23e03-256f-44eb-a0cb-9d257dc7fada,Little Town Hero,0.1073,0.0195,7.6647276,30.0303,500,97.2,63.4211
2019,90322552-7724-4b79-a116-b53e7e117dbb,Crystar,0.0081,0,0.5412,35,24,82.6,68.4375
2019,90764865-c40c-4c4e-b93d-3fad9eda42a3,World End Syndrome,0.0017,0,0.1717,,1,71.9,80.5000
2019,907e01b9-70fe-48ac-a3f2-2bea44722c7f,Cadence of Hyrule,0.3195,0,26.435653650000003,18.2593,5176,99.7,86.0227
2019,90d4880e-295b-4390-9fb4-1226a38203cf,Satisfactory,0.0146,0.0033,1.1054287800000002,25.2857,20,81.3,70
2019,914fc4e8-1013-46a4-b7e1-c1ca0d60ab96,Metroid Prime 4,0.1854,0.0927,14.59715382,22.2667,116,91.3,70
2019,91f16553-1f7e-4499-a6ae-6ea3094642dd,The Church In The Darkness,0.0016,0.0016,0.11520000000000001,29,0,70.3,61.7368
2019,92893986-f39e-4758-9ad4-b710b3577d3a,Shovel Knight: King of Cards,0.6808,0.0204,57.78262768,16.1254,547,97.5,84.4091
2019,93222e08-a62f-4e7c-af19-03461877e960,The Sojourn,0.0098,0,0.9898,,38,85.5,71.5000
2019,93876630-b7eb-4cec-9a10-3f6eb5ee7031,Bloodstained: Ritual of the Night,0.4341,0.0667,33.941833700000004,23.3299,593,98,83.3218
2019,95ddbd6a-0a3e-4264-926e-c4aeb8ad3776,Gunvolt Chronicles: Luminous Avenger iX,0.0098,0,0.8183,17.5,58,88,80.2727
2019,95f3b318-7879-4b0e-9ce7-ceffabeb2123,FIFA 20,0.3582,0.0315,28.31058774,21.9643,479,97,77.7750
2019,961e38d0-4936-4f09-b67a-4760fda95b79,Manifold Garden,0.0065,0,0.5655,14,15,79.7,86.5714
2019,96c939bd-54bc-47dd-b848-d235b4abfcff,Duck Game (Switch),0.0204,0,2.0604,,15,79.7,83.9000
2019,96d66d1c-09f1-410d-bd84-a531ddb277f5,Gylt,0.0065,0,0.5005,24,90,90.2,69.0000
2019,96df70e0-3908-4b22-8815-8f5826fe6295,ONINAKI,0.1089,0.0098,7.393780000000001,33.6,426,96.5,70.3651
2019,96f5e8e3-672b-4626-b47e-4bff3a6c4430,Sekiro: Shadows Die Twice,0.9925,0.0431,96.49432375,3.7765,121,91.5,89.8785
2019,98a5b004-d657-49ec-929d-57ad7a6f2ab2,Maneater,0.0065,0.0033,0.5395,18,29,83.5,70
2019,9907f924-328b-49f7-b03c-f6d7ccefcf71,Night Call,0.0049,0,0.4214,15,73,88.7,68.0455
2019,99594980-5aab-4873-b9df-423e5931d3fc,Marvel's Avengers (Square Enix),0.0065,0.0016,0.49724999999999997,24.5,17,80.3,70
2019,99c650fa-6d07-431b-8ca3-b9aa0bce7f87,Wargroove,0.3299,0.018,26.517691900000003,20.619,280,94.7,83.2623
2019,99dec2b1-5e1d-4da0-b712-9cc1cc11754e,Dicey Dungeons,0.0163,0.0016,1.066,36,19,80.9,80.1667
2019,9a465eaa-d579-4f42-9d2b-63df4548d4f7,Halo Infinite,0.0943,0.039,7.2883432699999995,23.7111,55,87.5,70
2019,9c254f61-2987-4b6d-bcec-94d8fb198f1b,Dr. Kawashima’s Brain Training,0.0016,0,0.16160000000000002,,35,84.9,71.6667
2019,9c34b67e-baf0-47f7-ac23-60a3bbd47495,Pikuniku,0.0296,0.0148,2.3265599999999997,22.4,1,71.9,76.4444
2019,9c6ad622-3e1d-461f-b8fb-a6a9e2f3b1ce,The Last Campfire,0.0228,0.0033,1.52597208,34.0714,0,70.3,70
2019,9cbda48d-6450-44de-a85f-ef2eaebd78bf,Final Fantasy VIII Remastered,0.0842,0,7.577999999999999,11,87,89.8,80.9130
2019,9cf5a466-11f1-462c-898f-16bf51ff3e5f,Two Worlds III,0.013,0.0081,0.9378576999999999,28.8571,13,78.8,70
2019,9cf67344-db5d-495f-801d-67945752b562,Darkwood (Console),0.0408,0,0.6528,85,4,73.4,76.9722
2019,9d8aeb4a-6dd9-48b1-b1d4-77cf125071d2,Wattam,0.0602,0.0049,4.1184,30.6,582,97.8,75.7500
2019,9e590d3b-5cd5-4a3d-8c2a-b55bbd1e6a32,VirtuaVerse,0.0016,0,0.16160000000000002,,1,71.9,70
2019,9ec21aca-f26d-4003-a27f-02b9236683b6,Disney Tsum Tsum Festival,0.013,0.0033,0.84175,36.25,22,82.1,63.7500
2019,9f5506cb-5d5b-4c39-90e4-f8c7684908e5,Final Fantasy XII: The Zodiac Age (Switch/Xbox One),0.0204,0,1.122,46,0,70.3,85.1368
2019,a01c2e4e-6610-4888-8105-b3a9d4ff549f,Re:Legend,0.0049,0,0.3185,36,2,72.6,70
2019,a0be1c2d-eeb1-4943-957c-f3a8fedbafe9,Oxygen Not Included,0.0033,0,0.2838,15,5,74.3,70
2019,a0e14f40-2ab7-4afe-9ef7-ee5a3c6a3ec9,Elden Ring,0.0016,0,0.16160000000000002,,7,75.6,70
2019,a0e691c3-bd7f-4307-b9b2-68fefe047b55,Marvel's Iron Man VR,0.0244,0.0033,1.9032000000000002,23,198,93.4,70
2019,a13f08b7-65f2-48eb-9be7-7897bce94807,Swimsanity!,0.0049,0.0016,0.29645,40.5,51,86.8,70
2019,a2b1a1ef-b958-41f1-94ae-57536794af11,Nelke and the Legendary Alchemists: Ateliers of the New World,0.0018,0,0.17099999999999999,6,0,70.3,70.1852
2019,a307b947-0cbd-4cc8-a8d6-0f0b73502495,The Pathless,0.0911,0.0033,6.110705589999999,33.9231,170,92.9,70
2019,a327311a-e4ef-4fac-b080-33d1bb166299,Yiik: A Postmodern RPG,0.025,0,1.925,24,0,70.3,60.4231
2019,a3d563dc-b67a-410c-8341-20848c6155c7,Songbird Symphony,0.0033,0,0.3333,,9,76.2,81.4286
2019,a3d9c612-d84b-44ff-97a6-c0ca769b3cc7,Tools Up!,0.0033,0,0.3333,,9,76.2,69.5556
2019,a43115e3-838b-488a-b2fd-07a01ef28b1d,198X,0.0049,0,0.4949,,40,85.8,72.2143
2019,a47e158b-0afd-4698-9c61-272d2c6c26fc,Virgo Vs The Zodiac,0.0033,0,0.3333,,21,81.8,81.2500
2019,a4aa6df8-facd-4f4b-a5f8-3a6878f3e2b0,Spirit Hunter: NG,0.0098,0,0.8623999999999999,13,103,90.7,84.1667
2019,a4de2773-351a-4235-9faf-96dfcf893980,Beyond Blue,0.0033,0,0.3333,,16,79.9,70
2019,a5b0e2c6-c2ca-4c0c-b80b-a48131ae1cf6,Battletoads,0.1545,0.0585,11.1733473,28.6806,342,95.4,70
2019,a62155e5-f4b8-46f1-aa07-1ff1b06eac94,Planet Zoo,0.1268,0.0081,10.1388291,21.1667,1529,99.3,81.2000
2019,a6443235-d5b3-472d-b1fd-b874df299c5c,Cuphead (Switch),0.0816,0,4.1616,50,11,77.9,87.7339
2019,a694ed2a-7e83-4b65-84d4-92804321df98,Astral Chain,0.5366,0.0195,43.85028692,19.8108,5758,99.8,87.1549
2019,a7c4068f-13fb-4682-93ad-f1015e849c62,Sea of Solitude,0.2472,0.0228,17.82221576,29.3673,408,96.1,70.4355
2019,a85885f0-0cbd-44ae-a87f-6d7396e326c4,One Piece: World Seeker,0.0827,0.0308,5.85035513,30.2581,79,89.2,60.9818
2019,a896ca5c-1793-4e2a-ad01-7fb8884a6608,NBA 2K20,0.1576,0.0143,10.98222992,31.3158,212,93.7,75.9412
2019,aa7e299f-6d1c-49b9-96f8-182f2542ae5f,Tom Clancy's The Division 2,0.6442,0.1942,53.37596404,18.1438,316,95.1,83.2353
2019,aaca3c2f-fe33-410e-b7c4-6485144d898b,Mutazione,0.0016,0,0.16160000000000002,,23,82.5,76.6667
2019,aae65638-cf67-4000-b86a-b6b932a32519,Baldo,0.0016,0,0.16160000000000002,,13,78.8,70
2019,ab5f1f82-65fb-4852-bfc4-3df6a253b6d9,Kirby's Extra Epic Yarn,0.0233,0,1.9805000000000001,16,7,75.6,78.4706
2019,ab953c00-4f0b-4486-b6af-f238904acee6,Wolfenstein: Cyberpilot,0.0179,0.0016,1.1609999999999998,36.5,100,90.5,48.9063
2019,ab955a9f-56b2-4294-84d9-ddb02e114f43,Luigi's Mansion 3,0.8276,0.0537,69.42442537,17.2148,1785,99.4,85.8750
2019,ad7712f1-3ffe-4b76-87f7-6306995c0a2f,Lost Words: Beyond the Page,0.0114,0,0.5472,53,80,89.4,70
2019,ad7ac9ff-9405-4668-80d2-bc1572b49842,Minecraft: Dungeons,0.0943,0.0195,6.631581489999999,30.6757,195,93.4,70
2019,ad93b961-1af9-4568-8590-0b4b3706716b,GRID,0.0618,0.0033,4.2296,33,227,94.1,75.7700
2019,adb7095f-d4ea-4c0b-8791-b0d819b3ac46,Travis Strikes Again: No More Heroes,0.225,0.125,17.6249925,22.6667,0,70.3,67.5806
2019,ae3cb13c-61b7-49b2-8de3-42c12ceb285b,Twin Mirror,0.0504,0.0098,3.56513472,30.2632,89,90,70
2019,ae927560-e2e9-4879-94ee-d369c20b3a91,Etrian Odyssey Nexus,0.0454,0.0091,3.18254,30.9,20,81.3,82.3750
2019,aec32eb7-7254-4fd8-8b24-e5ddd8dad1d2,Alliance Alive HD Remastered,0.0105,0,1.0605,,0,70.3,76.6250
2019,afbe2515-6766-44cd-879a-0baaefc35c24,Control,0.6081,0.0992,48.877715249999994,21.1475,1395,99.2,83.6465
2019,b001f107-8b76-4a6d-ba63-560b8e97a67b,System Shock,0.0049,0,0.28909999999999997,42,0,70.3,70
2019,b1cd4e5f-d8dc-4a12-bed7-ea0147caf993,Steins;Gate Elite,0.099,0.0283,7.3082294999999995,27.1795,114,91.2,86.0800
2019,b1d2bbff-41bf-475f-bcf9-1729fca86ab3,Imperator: Rome,0.0586,0.0018,4.30905138,27.4667,68,88.4,78.0000
2019,b20397aa-a504-4deb-9b4c-3ba138f4d960,One Night Stand (Consoles),0.0016,0,0.16160000000000002,,2,72.6,70
2019,b4858389-7ca8-4916-a037-980703ddacc8,Watch Dogs: Legion,0.0228,0.0016,1.5903,31.25,202,93.6,70
2019,b63966ac-ad0d-41db-968c-a9b6d3273629,Final Fantasy XIV: Shadowbringers,0.3107,0,24.34274864,22.7778,849,98.6,91.7778
2019,b66fd562-ae74-4703-9654-23365fa0f635,Pistol Whip,0.0016,0,0.16160000000000002,,18,80.8,83.3333
2019,b712ac67-3ecf-4384-8a94-df4b4830a07b,The Liar Princess and the Blind Prince,0.0402,0.0148,2.6853599999999997,34.2,18,80.8,72.7647
2019,b74b9f5f-bdb9-452b-a600-e8bdf317d475,Persona 5 The Royal,0.0211,0.0016,1.477,31,188,93.3,70
2019,b890d347-1bab-4b8d-9263-06ea76370304,Fire Emblem: Three Houses,0.8467,0.0317,73.18417582000001,14.5654,560,97.6,88.5366
2019,ba5ffdf3-ece4-40de-a1ca-f7e3a7784efd,Bubble Bobble 4 Friends,0.0098,0.0033,0.9016,9,108,90.9,70.9091
2019,baee9fed-9595-4ae1-8d8e-fc67c74f4779,WWE 2K20,0.0258,0.0057,2.193,16,22,82.1,39.0450
2019,bb9ece45-7163-4ab5-9465-b4e0d90c2123,Turok: Escape from Lost Valley,0.0016,0,0.16160000000000002,,0,70.3,30.0000
2019,bd28da97-0740-4121-a830-0ab8e362a58e,KUNAI,0.0016,0,0.16160000000000002,,6,75,70
2019,be7124e5-7537-4b25-989a-d88bb0715eb8,Witchbrook,0.0081,0.0033,0.6398999999999999,22,49,86.7,70
2019,becdadfc-77c9-42e8-8e6b-760833112bd0,Untitled Goose Game,0.2976,0.0602,22.945144250000002,24.3885,497,97.1,80.6327
2019,c076e722-5238-486a-8cd9-70893492d5b5,Mario & Sonic at the Olympic Games Tokyo 2020,0.078,0.0033,6.61572,16.4,573,97.7,67.6842
2019,c1ad5dda-2853-46e0-a14a-1260585b3eda,El Hijo,0.013,0,0.819,38,73,88.7,70
2019,c22cdfd1-05ac-4065-bfc7-0ac9d8add8e1,Yoshi's Crafted World,0.7075,0.1133,58.593310499999994,18.1826,337,95.4,80.0270
2019,c2d6ccf2-ab7a-469d-8e61-72f604bbfc5e,Ori and the Will of the Wisps,0.8775,0.018,80.30046375,9.4895,99,90.4,70
2019,c4378714-fc2c-43e5-a82e-b047551c7e75,Necrobarista,0.0423,0.0114,2.8820385899999996,32.8667,103,90.7,70
2019,c501d7f9-57a7-4315-9de9-5e47e8a37652,Void Bastards,0.0557,0.0087,3.7876,33,117,91.4,80.7742
2019,c50bc81f-a938-43e3-9085-51cb57bb074a,A Plague Tale: Innocence,0.083,0.0124,5.5794426,33.7778,279,94.7,81.4330
2019,c53ca4bf-0dc3-4e80-8c69-3fdf0c0b1e4c,Metro Exodus,0.9014,0.076,80.85621098,11.2993,202,93.6,82.7664
2019,c58af5bd-7607-4e03-aa9f-78fa9565ffeb,Shakedown Hawaii,0.0139,0,1.0841999999999998,23,112,91,74.7222
2019,c69fd664-542c-469c-ab47-36121d87c02a,Dirt Rally 2.0,0.1838,0.0141,14.26025166,23.4143,155,92.5,83.0517
2019,c710e132-189c-4d07-923a-e342e7b7afe8,Dwarf Fortress (Steam Release),0.0146,0.0016,1.27993382,13.3333,45,86.3,70
2019,c722365d-ffc4-4989-b55d-ff81efec8e0c,RAD,0.039,0.0033,3.0811200000000003,22.6,167,92.8,74.2321
2019,c81a1b0d-f133-4982-814e-22a5af86ad9c,Jump Force,0.2957,0.152,23.98032376,19.9032,325,95.2,57.6364
2019,c8f1f6aa-9ee3-4f79-8163-fa4024fd4636,"Splitgate Arena Warfare ",0.0017,0,1.9089,,15,79.7,66.5000
2019,c969aa91-904d-4974-9756-e5a36c92d154,APE OUT,0.0748,0.0098,5.082241120000001,33.0556,86,89.7,83.4375
2019,ca73bb48-1bf9-41d6-a9ce-72257671994c,Monster Hunter World: Iceborne,0.6469,0.017,53.595832040000005,18.5068,1656,99.3,90.7031
2019,cac66192-13be-4e44-ac0e-3223545defe1,Brave Earth - Prologue,0.0016,0,0.16160000000000002,,1,71.9,70
2019,cacd2aff-3c3c-46fd-a917-4df9b359057b,Superliminal,0.0049,0,0.4949,,48,86.7,76.0000
2019,cb2eda97-1f18-4003-a04b-a8bfa157971c,The Red Lantern,0.0228,0,1.2882,44.5,96,90.3,70
2019,cbb501b5-eae4-4bb7-acec-4210a65ce204,Celeste: Farewell,0.0441,0.0017,3.1121987399999997,30.4286,187,93.2,70
2019,ccacff12-ba24-47cb-b2fb-a7c8743d961d,World War Z,0.0445,0.0196,3.18453125,29.4375,45,86.3,70.0164
2019,cd3331a0-d244-47a6-a7ce-1bcb834b19e7,Metal Wolf Chaos XD,0.0545,0.0198,3.7785,32.3,15,79.7,66.6190
2019,d0760cd9-f655-454d-8032-4e0524756983,The Outer Worlds,0.7805,0.1008,66.21131072,16.7188,1755,99.4,84.6636
2019,d0b1579a-a50a-4cc8-95b2-0bd3cb5625a3,The Binding of Isaac: Repentance,0.0098,0,0.3528,65,102,90.5,70
2019,d17d3988-9bc2-4f7e-b798-595cfc4c1a0d,Super Dragon Ball Heroes World Mission,0.0222,0,1.5429000000000002,31.5,0,70.3,69.1200
2019,d1ba7222-d67b-4a36-8039-51c086918881,Trine 4: The Nightmare Prince,0.0797,0.0065,5.985839279999999,26.3636,607,98.1,79.8710
2019,d235e8c2-9825-425b-94a2-218669497e07,Bayonetta 3,0.3268,0.0732,26.20824888,20.8034,146,92.3,70
2019,d30973e6-93bb-4198-8dde-598bde40caaa,Keyboard Sports - Saving QWERTY,0.0016,0,0.16160000000000002,,20,81.3,70
2019,d32014e7-1994-4fe4-983b-77dc971f00d3,Marvel Ultimate Alliance 3: The Black Order,0.3675,0.0862,28.06679133,25.1233,1165,98.9,73.2222
2019,d349b87e-281d-4054-ab72-961d763fb7c4,Close to the Sun,0.0016,0,0.16160000000000002,,5,74.3,63.7778
2019,d3b75152-5e95-4ca0-9a26-41fdb177a179,Remnant: From the Ashes,0.0341,0.0016,2.0984,40,354,95.6,78.3833
2019,d40887e3-ecbb-4200-b30c-c63f293c4200,Gods & Monsters,0.0016,0,0.1568,3,0,70.3,70
2019,d4ac5270-d4a5-48df-b037-98c4febfe659,Darkest Dungeon 2,0.0276,0.0033,2.01085596,28.1429,41,85.9,70
2019,d55e0038-9286-474e-9d46-40faa84747ce,UFO 50,0.0081,0.0016,0.5022,39,8,75.7,70
2019,d5fac848-cf82-4fff-bf91-a2983e7939da,Call of Duty: Modern Warfare (2019),0.4846,0.0146,39.73013911,19.5357,4829,99.7,80.8900
2019,d60868da-9044-438c-bc2f-49af5836792a,Left Alive,0.1709,0.0505,12.73806568,26.4648,126,91.7,38.4884
2019,d6eec76a-c415-4a22-afe8-fa9681d6cdeb,Destiny Connect: Tick-Tock Travellers,0.0081,0.0016,0.2214,74,20,81.3,62.3846
2019,d7f80b87-b63f-4a67-9ab6-92eb988bb57f,Madden 20,0.2206,0.0086,16.636460760000002,25.5854,498,97.1,76.6667
2019,d897397d-e969-45c9-b0ba-94aca0c7f660,Dragon Quest Builders 2,0.3837,0.0195,28.89809862,26.1926,1503,99.2,84.7284
2019,d9022daf-754e-4bdc-8364-764d8aef17ee,Resident Evil HD Remaster (Switch),0.0392,0,2.7048,32,1,71.9,70
2019,d9a42949-dd8e-45e7-97d4-d1290ba77922,Resident Evil 2,0.9655,0.0296,93.70592665,3.9457,11,77.9,92.3644
2019,db106b12-6203-44bb-9be8-3c354bb0d2e8,Samurai Gunn 2,0.0049,0,0.35769999999999996,28,31,84,70
2019,db79374f-c041-4c79-aa13-e1d11ba7da5a,Star Wars: Jedi Fallen Order,0.7041,0.1805,56.891279999999995,20.2,4447,99.6,82.4579
2019,dc876912-945b-4ad5-a4be-8f1d574f4d41,World of Warcraft: Classic,0.1579,0.0632,12.0004,25,72,88.6,79.3750
2019,dcc66091-462a-4112-bf73-fc7f99f37f43,Layton's Mystery Journey: Katrielle and the Millionaires' Conspiracy,0.0392,0,1.8816,53,50,86.8,70
2019,dd5944d0-374a-472d-8db7-36b949f76fd2,The Princess Guide,0.0018,0,0.09179999999999999,50,0,70.3,60.1333
2019,ddc2d6f7-544d-4c38-a6f1-e188ba6d3901,GRID Autosport (Switch),0.0033,0,0.3333,,1,71.9,70
2019,ddc9d218-5549-4a6e-8d07-e005fede13a4,Kingdom Hearts III,0.9614,0.0526,92.08702602000001,5.2157,20,81.3,84.5484
2019,ddf35677-77bf-4e62-a6c0-84397b6ac160,Ys IX: Monstrum Nox,0.0016,0,0.10400000000000001,36,0,70.3,70
2019,de761b80-2b3b-49d7-95fb-7206d348e825,Darkborn,0.0016,0,0.16160000000000002,,10,77,70
2019,de940948-2fe7-404d-bb02-77045646f149,AI: The Somnium Files,0.0423,0.0033,3.3015,23.5,305,94.9,82.2759
2019,de9bbb5c-0e50-4f16-be95-6bf2a2129bc0,Dauntless,0.04,0.0035,2.6266679999999996,35.3333,22,82.1,78.2963
2019,df9541d2-3fe5-4c9f-b0c5-72fbb5d65b5f,Forager,0.0049,0,0.2205,56,7,75.6,77.1000
2019,dfb31a77-a04d-46dc-9930-fed4376d3e22,Devil May Cry 5,0.9727,0.0468,89.73595215,8.7455,37,85.1,88.4758
2019,e12cee39-960c-4631-987b-b50e03fafcb7,God Eater 3,0.0617,0.0198,4.501632000000001,28.04,25,83,72.6765
2019,e18db3dc-679e-4715-8a1c-eb33ba4ede07,Ring Fit Adventure,0.0179,0,1.8179999999999998,,237,94.3,82.7407
2019,e29125cb-8c15-4871-8cd8-c47fe8b5c999,HuniePop 2,0.0163,0,1.275475,22.75,118,91.4,70
2019,e29b4b72-83bb-4761-b5d6-4e352c668259,Eliza,0.0016,0,0.16160000000000002,,23,82.5,82.7500
2019,e2c27329-41ed-4014-b28e-de197a2c9839,Blazing Chrome,0.0065,0,0.4095,38,53,87.1,79.7442
2019,e3353c8a-cdcb-4b59-a63a-73217176a897,Psychonauts 2,0.3642,0.0878,28.36112808,23.1276,311,95,70
2019,e41a8ecc-d6b3-46c3-abe4-08f25c7aa7f1,Need for Speed Heat,0.0553,0.0081,4.986,11,536,97.3,71.7857
2019,e4358684-6ee4-4869-8f66-0e94811ba5a0,Showdown Bandit,0.0016,0,0.16160000000000002,,5,74.3,70
2019,e4460995-6101-4da3-bee3-b3514b47b8a3,CrossCode (Switch),0.0081,0,0.5589,32,35,84.9,70
2019,e4593e8b-1b2b-446a-b949-db0e25d96b23,Dead or Alive 6,0.2087,0.0512,15.822381799999999,25.186,227,94.1,74.4675
2019,e45aa4c4-af69-4be4-8171-5a3df9dd9587,Baba Is You,0.0288,0.0019,2.0376,30.25,58,88,83.9286
2019,e52d32cf-9246-4db4-82da-24cc75448639,The Blackout Club,0.0016,0,1.7068999999999999,,30,83.7,69.8182
2019,e5628436-a63c-4d42-af73-6181958c85c9,My Friend Pedro,0.2016,0.0423,14.541173429999999,29.3333,324,95.2,80.1333
2019,e5b576c3-c82b-4497-bc5c-9faa228970ef,The Last Night,0.0309,0.0049,2.0703,34,28,83.4,70
2019,e5bd3fd7-2b1d-454b-8ba3-abafc816a59c,Judgment,0.3528,0.0179,28.01732352,22.1224,813,98.6,81.7432
2019,e6067bfd-606f-40b0-a9dd-b78145e4ee9d,Observation,0.0298,0,1.7284,43,42,86,75.9333
2019,e6ea6a94-92a9-48b1-8646-333f52131911,Anodyne 2: Return to Dust,0.0033,0,0.3333,,11,77.9,75.0000
2019,e6f796a7-ea74-43cf-8fa9-3a6ec85d285e,GTFO,0.0163,0.0016,1.2225,26,36,85.1,70
2019,e7bbcd4d-7bb6-4dd6-9598-44316e9ce4b8,Crackdown 3,0.2526,0.1355,20.208,21,224,93.9,62.6000
2019,e89e99e8-e8e9-42a5-a39a-2c2ee780e884,Warsaw,0.0081,0,0.8282,,26,83.2,67.9048
2019,e9610429-0b91-41b3-b63f-495560c96d58,LUNA The Shadow Dust,0.0016,0,0.16160000000000002,,5,74.3,70
2019,ea54d525-40ff-4ed7-9eac-2c8aa0ea66c3,Boyfriend Dungeon,0.013,0.0033,0.8623329000000001,34.6667,131,92.1,70
2019,eb78703e-5ab1-466b-bb0e-385e61bf4f52,The Stanley Parable: Ultra Deluxe,0.0423,0.0049,3.2013401399999997,25.3182,55,87.5,70
2019,ec3daf81-35bc-4a07-aadf-a6c8b5fe1a1c,Stranger Things 3,0.0244,0.0033,1.1964158500000002,52.1667,48,86.7,61.3636
2019,ec744f07-048c-4ebb-848f-5c0e099997a3,Munchkin: Quacked Quest,0.0016,0,0.16160000000000002,,10,77,52.2500
2019,ed501786-9431-4dfe-9ad5-91c47637f939,Black Future '88,0.0033,0,0.264,21,2,72.6,74.0556
2019,ed9e783c-0810-4b95-a1fc-d4cb6aacd1bd,Far Cry New Dawn,0.4168,0.0986,33.38951456,20.8908,314,95,73.4271
2019,edcc6cb5-296c-4fa5-b3a0-804f985165d1,Warhammer: Chaosbane,0.0209,0.0035,1.7973999999999999,15,114,91.2,67.3878
2019,edd5fc9f-e71b-4164-818e-15d2442ddb99,Zanki Zero: Last Beginning,0.0216,0,1.0476,52.5,33,84.5,74.2500
2019,ee6c8a3b-0f77-4df0-b23a-06f9b667e57c,Castlevania Anniversary Collection,0.0204,0,1.0812000000000002,48,0,70.3,78.5769
2019,ef1e7374-47fd-4a68-bc83-482034f7675d,The Occupation,0.04,0.0057,2.24,45,94,90.2,66.9250
2019,ef34c9d5-b2dc-40cf-b9e8-7b701ed3c052,Animal Crossing: New Horizons,0.8049,0.0553,71.39833254,12.2954,390,95.9,70
2019,efe2876e-0ded-459f-b56f-4078b4c2a892,River City Girls,0.0455,0.0016,3.1144,33,459,96.7,78.4516
2019,f0cc8c78-610b-4fc9-b179-793331405a43,Concrete Genie,0.1154,0.0146,8.172729460000001,30.6667,579,97.8,77.1692
2019,f0da9cea-a525-4f88-98a9-b56b0aefea32,Kingdom Hearts III Re:Mind,0.0136,0,0.9792,29,130,92,70
2019,f116df75-c6b1-4d9f-b332-db4fa745e1a5,Rebel Galaxy Outlaw,0.0114,0,0.9276670499999999,20.3333,130,92,75.5333
2019,f1562e59-f30b-4ec2-8c4f-11688aca162e,EarthNight,0.0016,0,0.16160000000000002,,11,77.9,72.7778
2019,f1e8836e-bdb7-4785-a076-7c5bf7bd1b45,Chernobylite,0.0098,0,0.6859999999999999,31,32,84.4,70
2019,f278c421-e956-43bb-9163-b6e054aa55e7,DARQ,0.0049,0,0.3528,29,20,81.3,72.5000
2019,f41c1ad4-9837-4693-b73d-fd5c44bcd4c2,Beyond Good and Evil 2,0.0553,0.0228,4.02031,28.3,95,90.3,70
2019,f4bcdd93-6184-4bd3-990f-485113750a4a,The Sinking City,0.2033,0.0423,15.00849438,27.6447,424,96.3,68.7857
2019,f4ca2d38-5cde-47c5-9829-22a48db0b040,Ghost of Tsushima,0.5398,0.1463,44.606426979999995,18.3649,225,93.9,70
2019,f501f697-334d-458c-8431-6c20ebad7fa6,Ooblets,0.1236,0.0146,9.20033904,26.5636,174,93,70
2019,f545fc23-359c-443e-9cff-66ef70dc116e,Arise: A Simple Story,0.0179,0,1.8078999999999998,,391,96,81.1000
2019,f5a65007-88fe-46f2-a88f-8bf77dc6e48d,Gears 5,0.6472,0.0797,53.34425338,19.1083,1253,99,84.4941
2019,f5e8916e-595b-4096-aec3-d8770de82d89,Creature in the Well,0.0374,0.0016,2.8952,24,437,96.5,76.5185
2019,f5f695c4-7ab4-4e4b-bfdb-1c30c7cd9705,Just Dance 2020,0.0487,0.0057,2.8733,42,46,86.5,74.5333
2019,f5f8e081-5aa6-47c6-8707-6f61576f4569,Trover Saves the Universe,0.0139,0.0017,1.011225,28.25,59,88.2,75.9394
2019,f628c2d7-b5cf-43dd-88c1-74078d15c77b,In the Valley of Gods,0.3366,0.0585,25.660701,24.765,260,94.6,70
2019,f733e8ed-ad4f-410f-9265-5111ad9db33a,Trails of Cold Steel III,0.1187,0.0033,8.746814449999999,27.8049,176,93,83.6429
2019,f75e6a0f-d755-454c-808d-70c064db87c8,Stormdivers,0.0033,0.0016,0.1782,47,0,70.3,70
2019,f8f8db03-aa9d-4736-8c43-62a7173a16dd,Cat Quest II,0.0033,0,0.3333,,30,83.7,76.8000
2019,fa6866d4-ea94-48d8-b022-a5a92fa132d7,Resident Evil 4 (Switch),0.0784,0.0196,6.859999999999999,13.5,0,70.3,70
2019,fb33b2ab-f6a2-4d2f-a4a7-7b877f93d947,Kill la Kill the Game: IF,0.0293,0.0065,1.99125,33.5,107,90.9,66.7353
2019,fcb40c1e-a094-4f27-8ed7-3b53a5586af5,Children of Morta,0.0195,0,1.3589326800000001,31.6667,124,91.6,82.5167
2019,fe7b4497-fbb5-4bd8-95d7-26e17124cae5,Super Crate Box (Switch),0.0392,0,0.3528,92,10,77,70
2019,ff7e7e8a-896c-458e-8364-1e9dc1d8495d,Bendy and the Dark Revival,0.0016,0,0.16160000000000002,,10,77,70
2020,0218aba0-71b9-4f59-a4ba-2be14906c4b3,Sable,0.1472,0.0242,9.45717312,36.7529,408,93,70
2020,02df2e6b-f651-446a-99e0-2f4ccca89dc5,Yakuza Remastered Collection,0.0714,0,4.0656,59,16,71.8,83.9286
2020,0a0f1c62-a6fe-4aef-9f34-38f44cdd1991,Fury Unleashed,0.007,0,0.7575,,0,61.3,76.0000
2020,0a990046-d464-4844-a5b1-5434d5b57a9d,The Suicide of Rachel Foster,0.0091,0.003,0.6262,39,2,64.2,70.4545
2020,0bbb6f19-91ed-4f77-b34c-35437a2b6d1a,Panzer Dragoon: Remake,0.0274,0.0071,1.7948800000000003,37.8,44,78.8,62.6316
2020,0d3816cd-3b24-44a3-a7b4-7bc8f5a7d19a,Bayonetta & Vanquish 10th Anniversary Bundle,0.0864,0,5.35080294,40.3333,95,83.7,85.3143
2020,0d412f63-72a5-4c4f-8307-0a84bc5ce0f0,Garden Story,0.0141,0.001,0.61335,57.5,20,73.6,70
2020,0d754002-e480-435a-8d7c-65318601419a,Lair of the Clockwork God,0.001,0,0.1111,,10,69.2,84.6000
2020,0e3c52d7-78b2-489a-abf5-b2a6acce2c77,Solar Ash,0.003,0.001,0.1910001,37.3333,2,64.2,70
2020,0e5b53e5-7949-402b-955d-20a379f77cac,SnowRunner,0.0091,0,0.8383,,15,71.4,79.9677
2020,0ff56e1f-76cd-4b2e-94ec-11ebe69648a8,Skater XL,0.0222,0,1.8592,18,182,88.5,60.6800
2020,1170866e-5aab-4db0-bfb5-09de1a4d544d,Mount & Blade II: Bannerlord,0.1895,0.0635,13.694842849999999,28.7317,631,96,70
2020,11aca21b-2cba-48d4-bc0f-ef35512a7d9a,Backbone,0.0141,0.002,0.86245047,39.8333,50,79.8,70
2020,129c3292-9e7f-4730-889a-1f1149da82a4,Fire Emblem: Three Houses – Cindered Shadows,0.1916,0.0093,15.014399999999998,32,299,91.4,77.5000
2020,13ec9f9f-b5f4-44c0-8b03-9b26978d83aa,Trackmania,0.0223,0,2.2927,,58,80.9,73.9231
2020,18e8faeb-51ae-4fa8-ae79-73197a4b75e0,"Roundguard ",0.006,0,0.6363,,11,70,75.0000
2020,1a47f5d2-91dc-4332-92a2-37da3c748ec0,Temtem,0.0343,0.0121,2.4796053099999997,28.7083,144,87,70
2020,1d2049bf-4f4e-48e3-a690-ff0dcfad308d,Beyond a Steel Sky,0.0232,0.003,1.49800105,41.6154,23,74.8,71.1500
2020,1ea152e8-1923-4bf3-a38a-15162c9642e1,Those Who Remain,0.002,0,0.21209999999999998,,1,63.1,50.9375
2020,1ed2fbb4-3822-4d1b-89f2-f1bf2a1c7284,Exit The Gungeon,0.0769,0,0.1111,,5,66.5,67.2632
2020,1ee05e1c-9518-4b38-9d30-e852130c4f9c,Skull & Bones,0.0585,0.0423,4.1952865500000005,29.2857,186,88.6,70
2020,1fc46f4b-445d-43ef-b61b-3eccfd994b36,SkateBIRD,0.1169,0.0554,8.006223819999999,32.5122,251,90.6,70
2020,20d358b0-c3bc-49ba-aba2-a2b05249ab78,Dragon Ball Z Kakarot,0.1673,0.0948,38.69509373999999,25,247,90.4,73.1628
2020,218b29e3-f031-40c6-8951-5e0ab1a66750,Creaks,0.006,0,0.32330000000000003,48,1,63.1,80.2143
2020,22cc9330-e921-48e5-8888-c0ede4bf9d13,A Space for the Unbound,0.002,0,0.202,,5,66.5,70
2020,22ee7809-063c-4518-9a36-a061f7ec6c9b,Radical Rabbit Stew,0.001,0,0.101,,0,61.3,74.0000
2020,24c20f04-38b1-46f5-8b6d-6900419e9476,Under Night In-Birth EXE:Late[cl-r],0.0565,0.005,4.25155038,32.6471,134,86.5,80.1538
2020,26c31967-0469-4d48-8459-678f2ed82d7b,Disintegration,0.0585,0.003,3.7552687700000003,38.3077,298,91.3,62.7344
2020,26c5f178-7489-4769-aa25-a5be93f080ce,WRATH: Aeon of Ruin,0.0141,0,0.89535,37.5,1,63.1,70
2020,2bd3d7d4-0784-45a0-afef-07ddcf86a931,Fairy Tail,0.0171,0.005,0.98857217,43.8571,15,71.4,72.0526
2020,2ddbc26c-058e-463a-b6dc-ea60b7c7d09d,The Last of Us Part II,0.9959,0.0289,98.11427538000001,2.4813,115,85.2,93.5773
2020,2e517417-89ee-4d3b-aff8-a75009ebb2d2,Bloodroots,0.0464,0.002,3.2398016699999994,36.3333,101,84.2,78.0294
2020,2fe9ce18-7662-4961-889a-65a0f639e0dc,Street Fighter V: Championship Edition,0.028,0,2.5599749999999997,26.3333,76,82.5,79.4000
2020,3108f832-9955-4d66-a888-5cccfad0b089,Shin Megami Tensei V,0.0645,0.0171,4.170473250000001,36.3415,175,88.3,70
2020,322bf891-2d3c-462d-9447-2c16b00600aa,Shantae and the Seven Sirens (Console/PC),1.4858,0.0972,27.135203630000003,29.6479,759,96.7,74.8710
2020,34405ce7-5617-4976-8c61-e051d745a0f3,Rune Factory 4 Special,0.0341,0,3.9895,,3,64.8,83.0385
2020,3487b6e1-e9e1-49b7-949b-72f947bdb121,Doom Eternal,0.9937,0.0359,94.66090029,5.936,52,80.1,89.0259
2020,35d3596f-b328-418a-85cb-e85cef02318c,F1 2020,0.1606,0.0085,10.1367,38,75,82.3,87.7642
2020,36bba330-5ff0-44c5-83b1-ac2f4c06ebe4,Nioh 2,0.9103,0.0413,84.6947738,13.2165,180,88.4,85.4058
2020,3781d973-ab04-4e50-a1cf-88eaa4b4a30b,West of Dead,0.0141,0,0.13,36,0,61.3,72.0370
2020,37b29d48-a4d0-401b-8bb4-854e2bdcedbb,Kentucky Route Zero TV Edition,0.3077,0,0.32109981000000004,44.6667,5,66.5,85.6471
2020,37c09187-785a-46bb-82bf-0b7d5f9ee351,Mobile Suit Gundam EXTREME VS. Maxi Boost ON,0.0283,0.004,2.3534,19,8,67.9,79.5333
2020,39789cc6-652c-4de4-9c3d-342d143e1019,Langrisser I & II,0.0092,0.0023,0.5271750000000001,47.75,21,74.1,74.5556
2020,3ac0c173-1523-4bf1-9562-a277c42340f0,Summer in Mara,0.0222,0.002,1.3364625,42.125,48,79.5,59.2222
2020,3b7806db-7f38-4422-a274-d6a1c79d63f2,Orcs Must Die! 3,0.006,0,0.3599,42,27,75.6,75.8571
2020,3bcb4866-8334-4dbc-8412-fd77e5db1d6e,Streets of Rage 4,0.3417,0.0706,25.14170868,29.7972,501,94.6,84.5375
2020,3c264ef4-809b-48d9-83be-46a03b0cfbf9,Destroy All Humans!,0.2076,0.0473,14.815644409999999,30.5361,431,93.5,70.0000
2020,3d075e9b-29de-4bc6-94e5-565cbc7d187b,"Yes, Your Grace",0.0081,0,0.504,41,15,71.4,74.1875
2020,3dd12056-f932-4e15-bd75-5a6d0517d425,Desperados III,0.0827,0.0091,5.42615832,36.0938,164,88,85.5246
2020,3eec6955-73bc-4be2-9cd4-f7fa0bd72d6d,Rock of Ages 3: Make & Break,0.0121,0,0.5856,53,19,72.9,70.5000
2020,3fabbe9d-e02d-4243-9276-e8b4468c97fa,"Super Mega Baseball 3 ",0.0249,0,2.5149,,142,86.9,81.5385
2020,406580a1-6bae-4985-a8ce-40fb820d1d33,Moving Out,0.0514,0,3.38778,37.2,168,88.1,77.4468
2020,4072a95a-f44e-4746-8ad8-acf021adecc2,Skully,0.001,0,0.101,,10,69.2,63.4000
2020,410e82ab-25af-43e7-82dd-8e0f361bbf4e,Call of Duty: Modern Warfare 2 Remastered,0.0667,0,7.4235,,34,77.4,73.3793
2020,4158f836-f257-4189-84e9-a17f7004b2f7,Dark Crystal: Age of Resistance Tactics,0.0444,0.0131,4.10013588,29.6667,68,81.6,62.2895
2020,41a159de-4a14-41e5-afb8-72cdad4873ed,Othercide,0.0091,0,0.9292,,77,82.6,76.4643
2020,41ce3291-6ad6-40a8-a7c0-eb8d36fc19f4,XCOM: Chimera Squad,0.0877,0,5.7984,37,929,97.6,78.7200
2020,437bb39c-223e-4001-91ae-a932745befd5,Totally Reliable Delivery Service,0.001,0,0.1111,,0,61.3,50.4545
2020,449e518e-17bc-4075-b574-5dd357d14b6d,Death Come True,0.0091,0.001,0.63664,31.8,5,66.5,76.2500
2020,44a1d17a-b959-497e-98f8-b68a020d701a,Before We Leave,0.004,0.001,0.2747,34,23,74.8,77.4000
2020,46168637-7ae3-4abc-8ae9-cac86696fbdc,Trials of Mana,0.6251,0.098,48.35890122,26.4092,1048,98.1,75.2833
2020,47885fc6-6b65-4fa0-993b-278e41ded92c,Risk of Rain 2,0,0,4.5132125,27.375,5,66.5,86.5000
2020,4af615d0-1eea-4c7f-a9b4-78f9a4a9aeb8,Zombie Army 4,0.0222,0.006,2.052,24.5714,58,80.9,74.5652
2020,4b3715be-6c28-4bdb-a73a-2eb6fb2a5f04,"Valorant ",0.7257,0,62.57416,16.6,1485,98.9,81.0000
2020,4bc9604b-5ce8-4b20-9e64-505822cbfef8,In Other Waters,0.006,0,0.6363,,24,75,78.7500
2020,4bcf3efa-67e3-46b7-9dde-a67653aba3d0,Cooking Mama Cookstar,0.0121,0.001,1.0375,18,52,80.1,45.8333
2020,4d1c5a5b-6603-4568-af05-17299d241604,The Division 2: Warlords of New York,0.0093,0,1.515,,4,65.2,76.7941
2020,50750e8a-60cd-4f52-8122-a97d756e06ac,Warcraft III: Reforged,0.3684,0.0364,39.165034770000005,25.2817,150,87.5,59.8462
2020,5162a07f-4434-40d4-b483-e8f30c4357cd,A Fold Apart,0.002,0.001,0.13649999999999998,36,1,63.1,78.2500
2020,528edbc6-107d-48af-acf6-12276b9d4674,Horizon Forbidden West,0.2188,0.12,16.40849028,26.0069,1432,98.8,70
2020,544c34ea-93a8-44c2-b068-418babff5285,Murder By Numbers,0.0363,0.001,2.2935106800000002,41.8889,149,87.4,80.3182
2020,562dec82-d4d6-46be-9482-5cca8b871c72,Twin Breaker: A Sacred Symbols Adventure,0.0091,0.001,0.8644999999999999,10,18,72.4,67.8000
2020,56ae1f5b-9f75-45d5-815e-a75e4e426054,Iron Danger,0.002,0,0.21209999999999998,,1,63.1,72.2667
2020,5774d3d2-9639-4c20-aa70-4445af33939e,Final Fantasy 7 Remake,0.9564,0.072,95.16853703000001,5.2236,23,74.8,88.0874
2020,588db2e2-6717-4dac-818c-31f959bf4bb5,The Pedestrian,0.002,0,0.2525,,1,63.1,77.5000
2020,5a44a14c-d4fc-4e37-b78a-c76e0af17b78,AO Tennis 2,0.0028,0,0.8282,,0,61.3,68.6833
2020,5a5f3cc9-31a0-4b70-a735-87bb29b15be8,One Step From Eden,0.0292,0.002,1.9036499999999998,36.25,197,89,76.8182
2020,61622686-24ec-4bf2-9393-5ce38940799c,Space Channel 5 VR - Kinda Funky News Flash!,0.002,0,0.2222,,0,61.3,55.6250
2020,6244f164-9cdb-45f8-b5dd-4bfd6a7319ee,Vitamin connection,0.001,0,0.1111,,7,67.6,78.6250
2020,625c14db-0299-4f77-9981-2551ae801ff9,SpongeBob SquarePants: Battle for Bikini Bottom Rehydrated,0.2318,0.0681,17.07869457,29.0291,487,94.3,69.7619
2020,630580a9-82ca-4b8a-b03b-91396f2645ce,Gears Tactics,0.4395,0.0998,31.916120399999997,30.9381,1247,98.4,82.1231
2020,642c892c-f2af-49b1-8351-1c5c5d161c4b,New World,0.0444,0.0151,3.60107532,19.8947,145,87.2,70
2020,6451ee9f-5e0d-4afd-9156-9c8f393f68d1,Hellpoint,0.0081,0.001,0.3402,59,51,79.9,63.3462
2020,64bd4ec2-2dc6-4057-97b8-cfe8ddd58767,Paper Beast,0.0101,0,1.0605,,16,71.8,80.3043
2020,64ef0523-8d2c-46d6-a742-f4e17e4c7af7,Granblue Fantasy Versus,0.2248,0.0262,17.2867416,28.3284,739,96.7,78.9608
2020,664a6d07-694d-4479-bbe3-4d1cb7e30eee,Someday You'll Return,0.002,0,0.21209999999999998,,5,66.5,64.4800
2020,666cf31d-0506-43f9-826a-6056cb65d243,Through the Darkest of Times,0.001,0,0.09240000000000001,17,0,61.3,73.2667
2020,66941d97-0dbd-41de-8839-2c846067be53,Coffee Talk,0.0202,0.004,1.62525,39.5455,22,74.5,73.7826
2020,687bc331-a935-4f75-9a00-6af43fe21664,Hatsune Miku: Project DIVA Mega Mix,0.0867,0.0101,5.866624679999999,35.3778,143,86.9,79.2381
2020,68876a22-e7d1-44ba-a7ec-8511a4cbb8d2,Fight Crab,0.005,0,0.5151,,34,77.4,63.4444
2020,68b509f2-ee11-466b-9a96-83a28f023ce4,Devil May Cry 3: Special Edition (Nintendo Switch),0.0769,0,5.9976,29,0,61.3,84.6000
2020,6a3149fd-9d18-42da-9955-b74532b3e239,One-Punch Man: A Hero Nobody Knows,0.0464,0.0202,3.30577,34.7407,86,83.3,58.8980
2020,6bc65d79-5e5b-407a-a843-edfa961dfe4e,Star Wars Episode I Racer,0.0081,0,0.21209999999999998,,2,64.2,68.4615
2020,712d3e32-1112-45f3-a742-5259a80eb718,Weird West,0.0081,0.002,0.5346,35,61,81.2,70
2020,71bcf839-9faa-42b2-ac20-6932834e747b,The Almost Gone,0.004,0,0.4141,,1,63.1,72.2727
2020,734108c1-90a2-4e0e-ab47-019f8bc98c73,World of Horror,0,0,0.3367,55.5,6,67.1,88.3333
2020,73916ed6-133a-43b0-b2cb-f64110340a4b,Pokémon Mystery Dungeon: Rescue Team DX,0.3691,0.105,30.447158939999998,23.6758,970,97.7,68.3125
2020,7400e067-4fa2-44cc-803b-8ae052cfd3aa,Panzer Corps 2,0.0071,0,0.7474000000000001,,19,72.9,81.4286
2020,750c2147-0365-4fa4-966a-abda16d6c4d9,Fae Tactics,0.0101,0,0.48960000000000004,53,99,84.1,72.5000
2020,78ad3e65-471e-490d-87b1-dfd9ca428076,Dreams,0.7746,0.1056,72.7919439,20.0645,185,88.5,89.8571
2020,7a383a7b-0db5-4785-b288-cc8ab305f4b5,Call of Duty: War Zone,0.0169,0,1.8483,,5,66.5,80.4000
2020,7b9eeb71-05ac-4d85-bf48-07b6ca43051e,Filament,0.0291,0,2.9492,,135,86.6,79.4444
2020,7c33cc88-8b26-4971-b893-b549316bb1a1,Story of Seasons: Friends of Mineral Town,0.0332,0.0124,0.5880599999999999,28.4,10,69.2,78.3429
2020,7cde0664-f7ea-4025-954a-0dbf8473b36b,Dead Cells: The Bad Seed,0.0234,0,1.6935342199999999,37.3333,18,72.4,93.0000
2020,7eca30f4-13b0-4677-89fb-3b0e8c31301c,Fall Guys: Ultimate Knockout,0.1653,0.0071,10.0098,40.7,1011,97.9,79.1379
2020,7f84b1a2-39e7-498f-bdb1-02a6d161e21d,Bleeding Edge,0.128,0.0262,9.20888782,32.5833,422,93.2,65.0625
2020,842252c8-e318-4ccb-9837-25908540f81b,Fable (Xbox Series X),0.0091,0.003,0.6324500000000001,31.5,31,76.5,70
2020,864416f6-bde1-4ce3-b2ff-38bdfff595c1,Shovel Knight Dig,0.0575,0.006,3.9140135000000003,32.9302,189,88.8,70
2020,871476af-680f-4d5f-93df-bc06f509de73,Get Packed,0.001,0,0.101,,0,61.3,81.2500
2020,872ebb47-878c-4fc6-b9c5-abd7f3eceeef,Wonderful 101 Remastered,0.2716,0,29.6233,,114,85.1,73.3636
2020,889f980a-513b-44ed-afe1-9cd329e13b60,Brigandine: The Legend of Runersia,0.0121,0,1.2423,,135,86.6,76.5455
2020,88d25ff4-61d1-4cf7-b1e0-9435509fb827,Huntdown,0.005,0,0.42419999999999997,,11,70,84.8846
2020,89ac37a5-d444-4444-9e96-f1f31bfa9848,The Walking Dead: Saints & Sinners,0.002,0,0.37370000000000003,,12,70.1,82.7600
2020,89ddf0ec-20fa-4c5a-991b-25724c1f285b,Resident Evil 3,0.9554,0.0193,93.75470066999999,6.6581,149,87.4,78.6857
2020,8a99f490-e070-4bf6-babf-d63f341d5ffe,"Mega Man Zero/ZX Legacy Collection ",0.1174,0.0121,8.66263566,36,76,82.5,80.8049
2020,8e92de8e-65cd-438c-ac87-67429c9a1186,Picross S4,0.001,0,0.101,,21,74.1,78.7500
2020,904a5019-def2-44fe-818a-e521de99ee84,Journey to the Savage Planet,0.0685,0.0151,6.524057600000001,37.8846,299,91.4,75.8841
2020,91d36a0e-3642-49b6-beaf-34f355bfee3e,If Found...,0.0081,0,0.5478,35,19,72.9,83.7143
2020,92293439-c897-4a21-b86e-3e968cc4ed52,Disaster Report 4: Summer Memories,0.0113,0.0038,1.212,,2,64.2,54.3548
2020,9278fb2b-7298-429c-b403-cdb1d0c7578f,Tokyo Mirage Sessions ♯FE: Encore,0.1134,0.0162,23.162979059999998,26.5,21,74.1,82.6444
2020,93005815-44e2-4c9d-8af4-623193f4e77e,Neon Abyss,0.005,0,0.5151,,48,79.5,76.8696
2020,96a7708f-3d52-47b4-b9c5-f92fc8d80ce0,Control: The Foundation,0.0187,0,1.9594,,3,64.8,78.9655
2020,973ca78f-ab02-493f-94fe-90f2616a7662,My Hero One's Justice 2,0.002,0,0.21209999999999998,,0,61.3,68.6739
2020,97c9eff4-1b6e-4128-b01e-d1fbe8535d79,Cloudpunk,0.0151,0.002,0.7059,55.75,71,81.8,71.8421
2020,9837c41c-acb1-413b-bad6-247ca15592e0,Guilty Gear Strive,0.2127,0.0242,15.54103185,27.9345,428,93.5,70
2020,98a5b004-d657-49ec-929d-57ad7a6f2ab2,Maneater,0.122,0.0272,8.263032950000001,35.1591,332,92,71.7561
2020,98ba7b98-c21c-46bc-9380-275965676ac9,Paper Mario: The Origami King,0.6482,0.0212,49.136932800000004,25.913,13278,99.9,77.7123
2020,99199b76-c2c8-4dfb-8913-6a2cc0288a7d,Roki,0.0101,0,0.6528,37,13,70.6,75.6842
2020,9c254f61-2987-4b6d-bcec-94d8fb198f1b,Dr. Kawashima’s Brain Training,0.004,0.002,1.22316735,36.75,1,63.1,66.2500
2020,9cf3fb09-5008-4ff1-b477-967d57232c07,Later Daters,0.001,0,0.101,,10,69.2,76.6667
2020,9da31175-a3dd-4a16-a10a-06d8f5ba27f9,Forza Motorsport (Xbox Series X),0.1764,0.0252,12.355056,30.96,585,95.6,70
2020,9e096e42-231b-4057-94c5-ec93c740d0e7,Tales of Arise,0.2954,0.0474,21.124083539999997,29.4899,787,96.9,70
2020,9e590d3b-5cd5-4a3d-8c2a-b55bbd1e6a32,VirtuaVerse,0.004,0,0.4141,,0,61.3,81.6000
2020,9e79c480-21ab-4824-8dac-bec2da516081,Double Dragon & Kunio-Kun Retro Brawler Collection,0.0288,0,3.4440999999999997,,6,67.1,73.8462
2020,a0e691c3-bd7f-4307-b9b2-68fefe047b55,Marvel's Iron Man VR,0.3105,0.1008,22.45891359,29.7697,552,95.1,73.8298
2020,a24645b1-5cce-4324-9655-611aad5b6fd3,The Procession To Calvary,0.004,0.001,0.2352,45,4,65.2,79.3000
2020,a2bd4e10-6476-4ba2-979d-efa6b225fb49,Sword Art Online Alicization Lycoris,0.0121,0.003,1.00193289,25.6667,45,79,54.3929
2020,a2c28fc3-a8b0-466a-9ea0-a9f0c383de92,Dungeon Defenders Awakened,0.0141,0,0.21209999999999998,,6,67.1,73.7500
2020,a41b0458-ba61-4879-a04b-9a2cf8c4e13d,Super Crush KO,0.002,0.001,0.1534,75,0,61.3,76.1000
2020,a4de2773-351a-4235-9faf-96dfcf893980,Beyond Blue,0.005,0.002,0.3796,28,7,67.6,73.0667
2020,a7fd5641-101d-4d44-9652-d4c51602c626,CARRION,0.4022,0.0333,28.58425878,30.7166,767,96.8,77.4138
2020,aa71dd92-5c2f-45f0-b160-62ce887a1545,Kerbal Space Program 2,0.375,0.0806,28.4056125,25.2517,779,96.8,70
2020,ac7ac0e3-c3f0-4845-842e-e8366b98aae9,Ageless,0.001,0,0.101,,1,63.1,70.0000
2020,acaef7cb-2b59-4f9b-8fcd-b02353d1e88d,GhostWire Tokyo,0.0504,0.0292,3.65002344,28.5789,141,86.8,70
2020,ad7712f1-3ffe-4b76-87f7-6306995c0a2f,Lost Words: Beyond the Page,0.005,0,0.3458,34.5,2,64.2,81.0000
2020,ad7ac9ff-9405-4668-80d2-bc1572b49842,Minecraft: Dungeons,0.7056,0.1472,56.953759940000005,22.7898,705,96.4,72.4762
2020,ae5933ed-f226-46d3-aefb-99fa90d5a35e,Ministry of Broadcast,0.002,0,0.2525,,2,64.2,70.8182
2020,aee0b3d5-79af-4584-8bc9-4b9a7bb41903,Legends of Runeterra,0.173,0.0127,10.60824378,44.2857,97,83.9,88.4000
2020,b14881f1-e780-4934-a68f-78d29723b37f,The Room VR: A Dark Matter,0.005,0.001,0.36835,31.5,0,61.3,78.6667
2020,b2f310c8-9ff1-476e-9f8d-e43496279666,Crysis Remastered,0.0864,0,0.6177,14,37,77.9,65.8824
2020,b413a638-c042-4743-a4b0-2785f657fbfa,Jet Lancer,0.001,0,0.101,,1,63.1,82.5000
2020,b43e1e4d-ec6b-4688-a13d-68dab6dff83d,Humankind,0.0575,0.0192,3.7645594999999994,35.5294,178,88.4,70
2020,b6e4e9ab-17e3-469f-88a6-9e58500519ad,Phantom: Covert Ops,0.001,0,0.101,,0,61.3,73.8750
2020,b74b9f5f-bdb9-452b-a600-e8bdf317d475,Persona 5 Royal,0.7895,0.0283,76.84646823000001,14.0387,398,92.8,94.5424
2020,b7c10d38-e290-4be4-b2e5-ed37983d81a3,Sakura Wars,0.0977,0.015,6.192,41,96,83.8,73.2653
2020,b8da2f0b-0fb2-44fc-9d78-55aa258cd375,Rogue Legacy 2,0.0887,0.002,6.770763710000001,24.6667,781,96.9,70
2020,bb17eeba-efb6-4ea4-aa78-889bb97b58d7,Pokemon: The Isle of Armor,0.0935,0.014,7.180240949999999,29.9,32,77,66.5484
2020,bd28da97-0740-4121-a830-0ab8e362a58e,KUNAI,0.0071,0,0.48284999999999995,45.5,21,74.1,75.9412
2020,c0118df4-4089-43d6-83c5-7a6bdde671c4,Neversong,0.001,0,0.101,,0,61.3,80.8095
2020,c057c509-7925-4e86-bcaa-0120eb78863f,Phantasy Star Online 2,0.1955,0.0338,13.711590000000001,35.1724,73,82.2,70.0000
2020,c1b80797-7e42-4f4f-8a18-dc9c15424d7d,Giraffe & Annika,0.004,0,0.42419999999999997,,32,77,62.6667
2020,c2d6ccf2-ab7a-469d-8e61-72f604bbfc5e,Ori and the Will of the Wisps,0.9786,0.0171,88.90008,8.7967,56,80.6,89.5647
2020,c3079a72-3006-44c4-afc1-85a0694e5f3b,Monster Train,0.004,0,0.4141,,7,67.6,84.5625
2020,c4378714-fc2c-43e5-a82e-b047551c7e75,Necrobarista,0.0393,0.006,2.35616,41.8,85,83.1,82.2941
2020,c449ea71-5e8b-4680-a67c-cad315e20df0,Hitman 3,0.002,0,0.202,,41,78.6,70
2020,c4e383c6-2bca-4d96-bb2b-3614600d77f8,Ninjala,0.0928,0,6.3248,34,70,81.7,72.0909
2020,c5af2f6f-56bf-445c-87d4-57cf6a95c7bf,Golf With Your Friends,0.0211,0,2.1614,,22,74.5,69.0000
2020,cb22d1d2-02c1-425d-814b-5988552ca15d,Clubhouse Games: 51 Worldwide Classics,0.0706,0,7.1104,,311,91.5,81.6857
2020,cd939eb6-e2c7-4803-bd2e-f2ae761c455d,Wildfire,0.004,0,0.4141,,3,64.8,75.5556
2020,d1692d35-68d6-4b52-8f99-5a9ea83c15b1,Fast and Furious: Crossroads,0.0081,0.003,0.41850026999999995,49.3333,30,76.2,32.5000
2020,d55165ab-ae33-494e-a77a-44bbb2333228,Half Life: Alyx,0.9002,0.252,83.71733022,12.0023,209,89.4,92.3200
2020,d5605880-b70f-433f-8513-2d172e96625f,Deadly Premonition 2: A Blessing in Disguise,0.1331,0.0524,8.75673,35.5915,476,94.1,60.2667
2020,d5a63798-61e5-4711-8670-dcdc86c281c8,MLB The Show 20,0.6197,0.0592,50.73346988,25.2024,282,91.1,83.9000
2020,d8645a28-8f34-489c-8ded-28f701d10974,Azur Lane: Crosswave,0.0096,0.0096,0.063,38,0,61.3,60.0909
2020,d97af992-653f-4108-a0eb-c95259979991,Snack World: The Dungeon Crawl - Gold,0.0113,0.0075,0.73959957,43.6667,0,61.3,67.6667
2020,dab1fa75-6cc3-4c00-a82f-5dc9f38d4c7d,Overpass,0.002,0.001,0.1738,22,0,61.3,53.7083
2020,dbc0e4e0-3b31-4cfb-9349-c9da11dcdc9e,The Elder Scrolls Online: Greymoor,0.0047,0,0.4747,,25,75.4,73.7895
2020,dd173a8c-393a-4bcb-89a3-75f68524947f,ITTA,0.002,0.001,0.08399999999999999,61,1,63.1,76.3636
2020,ddf35677-77bf-4e62-a6c0-84397b6ac160,Ys IX: Monstrum Nox,0.006,0.002,0.387,36.5,11,70,70
2020,e3353c8a-cdcb-4b59-a63a-73217176a897,Psychonauts 2,0.5917,0.1462,46.45626044,22.4868,985,97.8,70
2020,e656b72a-30ee-4d0c-9e6d-4767ad998bcd,Warborn,0.001,0,0.101,,0,61.3,65.5000
2020,e82066ae-595e-4fb8-b13e-e292c1649e9f,Utawarerumono: Prelude to the Fallen,0.004,0,0.4141,,116,85.3,75.8000
2020,e9569ede-e192-4a46-a2ba-ea1f2a523fb8,One Piece Pirate Warriors 4,0.0343,0.005,2.3562000000000003,35,95,83.7,74.5849
2020,e9610429-0b91-41b3-b63f-495560c96d58,LUNA The Shadow Dust,0.0192,0,1.6206,27,50,79.8,73.7222
2020,ef34c9d5-b2dc-40cf-b9e8-7b701ed3c052,Animal Crossing: New Horizons,0.9788,0.0519,92.11710371999999,7.0976,14,70.7,90.2262
2020,ef5783ba-57bf-44c2-bd7c-2db2a1ca2091,Bloodstained: Curse of the Moon 2,0.0746,0,6.191,19,576,95.4,80.8333
2020,f0da9cea-a525-4f88-98a9-b56b0aefea32,Kingdom Hearts III Re:Mind,0.285,0.0421,30.233942,26.94,106,84.6,67.7143
2020,f4ca2d38-5cde-47c5-9829-22a48db0b040,Ghost of Tsushima,0.9798,0.0595,91.08862153999999,8.9737,206,89.3,85.3407
2020,f501f697-334d-458c-8431-6c20ebad7fa6,Ooblets,0.0696,0.0111,4.5087228,36.2195,278,90.9,70
2020,f97262a8-2e3e-4ad5-bc7b-2835852f637c,Xenoblade Chronicles: Definitive Edition,0.6964,0.0243,56.11455108,24.2149,322,91.8,89.0448
2020,fb3a84e0-2cfd-4a87-ab24-da17e1558ea9,Far Cry 6,0.0111,0,1.1211,,149,87.4,70
2020,fc54f0c4-f123-47ce-8a65-9b13a07c0202,Black Mesa,0.048,0,5.3126,,43,78.8,85.8182
2020,fd537cea-a05e-474e-b4cf-0699bfbfbff1,Panzer Paladin,0.0131,0,1.3433,,33,77.1,79.5333
2020,fe1442c4-4f77-4b53-bb73-67bc80608942,Deep Rock Galactic,0.0704,0.0141,0.7202,31.75,32,77,84.5882
2020,fefac39f-9fce-40b0-a6d2-b2faf8a75d0e,Command & Conquer Remastered Collection,0.2222,0.0247,15.54987456,35.3333,130,86.3,85.0278
2020,ff652b22-57e9-4411-9dfb-ebaaec5dc472,Predator: Hunting Grounds,0.0948,0.0292,7.0054281,30.2381,155,87.7,57.0417
2020,ff96596d-4f80-4498-a7b0-e149da4d1b49,Beautiful Desolation,0.003,0,0.3333,,17,72,78.7500
